<?xml version="1.0" encoding="utf-8"?>
<Character>
  <Alt>
    <Directory>Hero-Villian</Directory>
    <Name>Stevlin Novoc</Name>
    <Prefix>Stevlinnovoc</Prefix>
  </Alt>
  <Hero>
    <Directory>Hero-Villian</Directory>
    <Name>BATMAN</Name>
    <Prefix>BATMAN</Prefix>
  </Hero>
  <Villain>
    <Directory>character_22</Directory>
    <Name>BANE</Name>
    <Prefix>BANE</Prefix>
  </Villain>
  <Player>
    <Directory>character_1</Directory>
    <Name>LISA</Name>
    <Prefix>char1</Prefix>
  </Player>
</Character>