<?xml version="1.0" encoding="utf-8"?>
<Game xmlns:xsi="http://www.w3.org/2001/XMLSchema-instance" xmlns:xsd="http://www.w3.org/2001/XMLSchema">
  <ID>d759d8c3-0284-487a-990b-cbd7762fd3a1</ID>
  <Name>Game</Name>
  <BehaviorList />
  <Acts>
    <Act>
      <ID>8ff44d18-a29d-4549-a667-63491130f49d</ID>
      <Name>Act0</Name>
      <BehaviorList />
      <Assets />
      <Scenes>
        <Scene>
          <ID>4a408ebf-e49a-4844-bde2-3e3c7b279d5f</ID>
          <Name>Act0 Scene0</Name>
          <BehaviorList />
          <Assets />
          <Background>Backdrops\bedroom master.png</Background>
          <Screens>
            <Screen>
              <ID>c7e1d122-d300-4d97-aab5-ba8a8e977587</ID>
              <Name>Act0 Scene0 Screen0</Name>
              <BehaviorList />
              <Assets>
                <AssetBase xsi:type="ImageAsset">
                  <ID>a60fc02d-419e-4ba6-8ea5-bfe18573d4f1</ID>
                  <BehaviorList />
                  <Opacity>1</Opacity>
                  <X>327.14999389648438</X>
                  <Y>123.69999694824219</Y>
                  <X2>575.04998779296875</X2>
                  <Y2>202.01666259765625</Y2>
                  <Width>247.89999389648438</Width>
                  <Height>78.316665649414062</Height>
                  <DisplayImage>Props\GenericInteraction\TextBubble.png</DisplayImage>
                </AssetBase>
                <AssetBase xsi:type="CharacterAsset">
                  <ID>cfea0bab-157d-4afb-9497-7025a6851503</ID>
                  <BehaviorList />
                  <Opacity>1</Opacity>
                  <X>209.36663818359375</X>
                  <Y>130.48335266113281</Y>
                  <X2>380.79998779296875</X2>
                  <Y2>423.4000244140625</Y2>
                  <Width>171.433349609375</Width>
                  <Height>292.91667175292969</Height>
                  <BackgroundColor>
                    <A>255</A>
                    <R>255</R>
                    <G>255</G>
                    <B>0</B>
                  </BackgroundColor>
                  <ForegroundColor>
                    <A>255</A>
                    <R>0</R>
                    <G>0</G>
                    <B>0</B>
                  </ForegroundColor>
                  <FontSize>15</FontSize>
                  <FontFamily>Comic Sans MS</FontFamily>
                  <Experience>0</Experience>
                  <Certificates>0</Certificates>
                  <Promotions>0</Promotions>
                  <Trophies>0</Trophies>
                  <Points>0</Points>
                  <Hint>0</Hint>
                  <DisplayImage>character_15\char15_WalkRBehind.png</DisplayImage>
                </AssetBase>
                <AssetBase xsi:type="InformationBoxAsset">
                  <ID>836db4e4-21d7-4518-981e-0c718f9ee79e</ID>
                  <Name>Today's Geography lesson was difficult.. I wonder if Gooble can help!</Name>
                  <BehaviorList />
                  <Opacity>1</Opacity>
                  <X>346.88330078125</X>
                  <Y>128.63331604003906</Y>
                  <X2>557.16670227050781</X2>
                  <Y2>187.83332824707031</Y2>
                  <Width>210.28340148925781</Width>
                  <Height>59.20001220703125</Height>
                  <BackgroundColor>
                    <A>255</A>
                    <R>255</R>
                    <G>255</G>
                    <B>0</B>
                  </BackgroundColor>
                  <ForegroundColor>
                    <A>255</A>
                    <R>0</R>
                    <G>0</G>
                    <B>0</B>
                  </ForegroundColor>
                  <FontSize>15</FontSize>
                  <FontFamily>Comic Sans MS</FontFamily>
                </AssetBase>
                <AssetBase xsi:type="ButtonAsset">
                  <ID>f1d2830e-b15a-438e-9e21-97ea258f4239</ID>
                  <Name>Next</Name>
                  <BehaviorList>
                    <Behavior xsi:type="TransitionBehavior">
                      <Trigger>Click</Trigger>
                      <Time>0</Time>
                      <DisplayName>Transition Behavior</DisplayName>
                      <TransitionID>ef328ffb-1260-48e9-9ea8-eba5df07d06f</TransitionID>
                      <Transition>None</Transition>
                    </Behavior>
                  </BehaviorList>
                  <Opacity>1</Opacity>
                  <X>581.83331298828125</X>
                  <Y>332.75</Y>
                  <X2>739.70001220703125</X2>
                  <Y2>383.31668090820312</Y2>
                  <Width>157.86669921875</Width>
                  <Height>50.566680908203125</Height>
                  <BackgroundColor>
                    <A>255</A>
                    <R>255</R>
                    <G>255</G>
                    <B>0</B>
                  </BackgroundColor>
                  <ForegroundColor>
                    <A>255</A>
                    <R>0</R>
                    <G>0</G>
                    <B>0</B>
                  </ForegroundColor>
                  <FontSize>15</FontSize>
                  <FontFamily>Comic Sans MS</FontFamily>
                </AssetBase>
              </Assets>
              <Background>Backdrops\Home Office.png</Background>
            </Screen>
          </Screens>
        </Scene>
        <Scene>
          <ID>5aba05c2-4f8b-4a50-85ac-01101ea84600</ID>
          <Name>Act0 Scene1</Name>
          <BehaviorList />
          <Assets />
          <Background>Backdrops\FaceingPC.png</Background>
          <Screens>
            <Screen>
              <ID>ef328ffb-1260-48e9-9ea8-eba5df07d06f</ID>
              <Name>Act0 Scene1 Screen0</Name>
              <BehaviorList />
              <Assets>
                <AssetBase xsi:type="InformationBoxAsset">
                  <ID>db680006-ba4e-45d5-979b-f937c4ee5343</ID>
                  <Name>Gooble!</Name>
                  <BehaviorList />
                  <Opacity>1</Opacity>
                  <X>191.48330688476563</X>
                  <Y>152.06666564941406</Y>
                  <X2>581.83331298828125</X2>
                  <Y2>219.90000915527344</Y2>
                  <Width>390.35000610351562</Width>
                  <Height>67.833343505859375</Height>
                  <BackgroundColor>
                    <A>255</A>
                    <R>255</R>
                    <G>255</G>
                    <B>0</B>
                  </BackgroundColor>
                  <ForegroundColor>
                    <A>255</A>
                    <R>0</R>
                    <G>0</G>
                    <B>0</B>
                  </ForegroundColor>
                  <FontSize>15</FontSize>
                  <FontFamily>Comic Sans MS</FontFamily>
                </AssetBase>
                <AssetBase xsi:type="InformationBoxAsset">
                  <ID>69ac7b74-3801-4467-9a1e-72a4fea76395</ID>
                  <Name>Geography</Name>
                  <BehaviorList />
                  <Opacity>1</Opacity>
                  <X>193.33329772949219</X>
                  <Y>224.2166748046875</Y>
                  <X2>413.48330688476562</X2>
                  <Y2>261.21665954589844</Y2>
                  <Width>220.15000915527344</Width>
                  <Height>36.999984741210938</Height>
                  <BackgroundColor>
                    <A>255</A>
                    <R>255</R>
                    <G>255</G>
                    <B>0</B>
                  </BackgroundColor>
                  <ForegroundColor>
                    <A>255</A>
                    <R>0</R>
                    <G>0</G>
                    <B>0</B>
                  </ForegroundColor>
                  <FontSize>15</FontSize>
                  <FontFamily>Comic Sans MS</FontFamily>
                </AssetBase>
                <AssetBase xsi:type="InformationBoxAsset">
                  <ID>59688514-6ec9-4fa1-b856-52f629843c47</ID>
                  <Name>Geography Lessons</Name>
                  <BehaviorList />
                  <Opacity>1</Opacity>
                  <X>192.0999755859375</X>
                  <Y>266.14999389648438</Y>
                  <X2>413.48330688476562</X2>
                  <Y2>330.2833251953125</Y2>
                  <Width>221.38333129882813</Width>
                  <Height>64.133331298828125</Height>
                  <BackgroundColor>
                    <A>255</A>
                    <R>255</R>
                    <G>255</G>
                    <B>0</B>
                  </BackgroundColor>
                  <ForegroundColor>
                    <A>255</A>
                    <R>0</R>
                    <G>0</G>
                    <B>0</B>
                  </ForegroundColor>
                  <FontSize>15</FontSize>
                  <FontFamily>Comic Sans MS</FontFamily>
                </AssetBase>
                <AssetBase xsi:type="ButtonAsset">
                  <ID>e409a0e6-419a-4caf-aa13-24665f3627fb</ID>
                  <Name>View</Name>
                  <BehaviorList>
                    <Behavior xsi:type="TransitionBehavior">
                      <Trigger>Click</Trigger>
                      <Time>0</Time>
                      <DisplayName>Transition Behavior</DisplayName>
                      <TransitionID>f1f05335-83ee-4a93-8c5c-d1486a7efb20</TransitionID>
                      <Transition>None</Transition>
                    </Behavior>
                  </BehaviorList>
                  <Opacity>1</Opacity>
                  <X>422.11663818359375</X>
                  <Y>266.1500244140625</Y>
                  <X2>520.16665649414062</X2>
                  <Y2>301.91668701171875</Y2>
                  <Width>98.050018310546875</Width>
                  <Height>35.76666259765625</Height>
                  <BackgroundColor>
                    <A>255</A>
                    <R>255</R>
                    <G>255</G>
                    <B>0</B>
                  </BackgroundColor>
                  <ForegroundColor>
                    <A>255</A>
                    <R>0</R>
                    <G>0</G>
                    <B>0</B>
                  </ForegroundColor>
                  <FontSize>15</FontSize>
                  <FontFamily>Comic Sans MS</FontFamily>
                </AssetBase>
              </Assets>
              <Background>Backdrops\FaceingPC.png</Background>
            </Screen>
          </Screens>
        </Scene>
        <Scene>
          <ID>c521bd1e-4d2d-4cf7-8c48-db749a2bf650</ID>
          <Name>Act0 Scene2</Name>
          <BehaviorList />
          <Assets />
          <Background>Backdrops\FaceingPC _Warping.png</Background>
          <Screens>
            <Screen>
              <ID>f1f05335-83ee-4a93-8c5c-d1486a7efb20</ID>
              <Name>Act0 Scene2 Screen0</Name>
              <BehaviorList />
              <Assets>
                <AssetBase xsi:type="ButtonAsset">
                  <ID>23583538-d078-41e5-8638-33b822aefe36</ID>
                  <Name>Continue</Name>
                  <BehaviorList>
                    <Behavior xsi:type="TransitionBehavior">
                      <Trigger>Click</Trigger>
                      <Time>0</Time>
                      <DisplayName>Transition Behavior</DisplayName>
                      <TransitionID>d04b3004-69d2-4219-a3c3-e4080d37bca3</TransitionID>
                      <Transition>None</Transition>
                    </Behavior>
                  </BehaviorList>
                  <Opacity>1</Opacity>
                  <X>636.71661376953125</X>
                  <Y>336.45001220703125</Y>
                  <X2>766.2166748046875</X2>
                  <Y2>388.86666870117188</Y2>
                  <Width>129.50006103515625</Width>
                  <Height>52.416656494140625</Height>
                  <BackgroundColor>
                    <A>255</A>
                    <R>255</R>
                    <G>255</G>
                    <B>0</B>
                  </BackgroundColor>
                  <ForegroundColor>
                    <A>255</A>
                    <R>0</R>
                    <G>0</G>
                    <B>0</B>
                  </ForegroundColor>
                  <FontSize>15</FontSize>
                  <FontFamily>Comic Sans MS</FontFamily>
                </AssetBase>
              </Assets>
              <Background>Backdrops\FaceingPC _Warping.png</Background>
            </Screen>
          </Screens>
        </Scene>
      </Scenes>
    </Act>
    <Act>
      <ID>b7d7fe6b-a63b-461c-9136-9ec317ba5e66</ID>
      <Name>Act1</Name>
      <BehaviorList />
      <Assets />
      <Scenes>
        <Scene>
          <ID>09b742d4-e662-4588-a8b3-c3f37ee58202</ID>
          <Name>Act1 Scene0</Name>
          <BehaviorList />
          <Assets />
          <Background>Backdrops\bedroom master.png</Background>
          <Screens>
            <Screen>
              <ID>d04b3004-69d2-4219-a3c3-e4080d37bca3</ID>
              <Name>Act1 Scene0 Screen0</Name>
              <BehaviorList />
              <Assets>
                <AssetBase xsi:type="ImageAsset">
                  <ID>51fd1837-5ac0-45cc-a6e1-a991ceaa8687</ID>
                  <BehaviorList />
                  <Opacity>1</Opacity>
                  <X>16.083301544189453</X>
                  <Y>117.00001525878906</Y>
                  <X2>171.48330688476563</X2>
                  <Y2>260.68333435058594</Y2>
                  <Width>155.40000534057617</Width>
                  <Height>143.68331909179688</Height>
                  <DisplayImage>Props\GenericInteraction\Regular Speech 2.png</DisplayImage>
                </AssetBase>
                <AssetBase xsi:type="ImageAsset">
                  <ID>ab1faef6-16ed-4fd4-8cfa-8a824e64bb0c</ID>
                  <BehaviorList />
                  <Opacity>1</Opacity>
                  <X>275.43331909179688</X>
                  <Y>165.35002136230469</Y>
                  <X2>511</X2>
                  <Y2>244.9000244140625</Y2>
                  <Width>235.56668090820313</Width>
                  <Height>79.550003051757812</Height>
                  <DisplayImage>Props\GenericInteraction\TextBubble.png</DisplayImage>
                </AssetBase>
                <AssetBase xsi:type="CharacterAsset">
                  <ID>54ac345b-96d8-4a48-aa0f-688b67d07264</ID>
                  <BehaviorList />
                  <Opacity>1</Opacity>
                  <X>66.983291625976562</X>
                  <Y>236.01666259765625</Y>
                  <X2>214.19995880126953</X2>
                  <Y2>468.2833251953125</Y2>
                  <Width>147.21666717529297</Width>
                  <Height>232.26666259765625</Height>
                  <BackgroundColor>
                    <A>255</A>
                    <R>255</R>
                    <G>255</G>
                    <B>0</B>
                  </BackgroundColor>
                  <ForegroundColor>
                    <A>255</A>
                    <R>0</R>
                    <G>0</G>
                    <B>0</B>
                  </ForegroundColor>
                  <FontSize>15</FontSize>
                  <FontFamily>Comic Sans MS</FontFamily>
                  <Experience>0</Experience>
                  <Certificates>0</Certificates>
                  <Promotions>0</Promotions>
                  <Trophies>0</Trophies>
                  <Points>0</Points>
                  <Hint>0</Hint>
                  <DisplayImage>character_15\char15_RPointNo.png</DisplayImage>
                </AssetBase>
                <AssetBase xsi:type="CharacterAsset">
                  <ID>3a1d6d41-2017-4c6b-9bbe-660669698a06</ID>
                  <BehaviorList />
                  <Opacity>1</Opacity>
                  <X>253.08334350585938</X>
                  <Y>178.25</Y>
                  <X2>407.33332824707031</X2>
                  <Y2>548.066650390625</Y2>
                  <Width>154.24998474121094</Width>
                  <Height>369.816650390625</Height>
                  <BackgroundColor>
                    <A>255</A>
                    <R>255</R>
                    <G>255</G>
                    <B>0</B>
                  </BackgroundColor>
                  <ForegroundColor>
                    <A>255</A>
                    <R>0</R>
                    <G>0</G>
                    <B>0</B>
                  </ForegroundColor>
                  <FontSize>15</FontSize>
                  <FontFamily>Comic Sans MS</FontFamily>
                  <Experience>0</Experience>
                  <Certificates>0</Certificates>
                  <Promotions>0</Promotions>
                  <Trophies>0</Trophies>
                  <Points>0</Points>
                  <Hint>0</Hint>
                  <DisplayImage>character_19\char19_LPointUp.png</DisplayImage>
                </AssetBase>
                <AssetBase xsi:type="InformationBoxAsset">
                  <ID>b7abd426-64b1-40d3-af88-5aecef394f4f</ID>
                  <Name>Who are you?</Name>
                  <BehaviorList />
                  <Opacity>1</Opacity>
                  <X>41.36663818359375</X>
                  <Y>147.21665954589844</Y>
                  <X2>125.8499755859375</X2>
                  <Y2>194.08334350585938</Y2>
                  <Width>84.48333740234375</Width>
                  <Height>46.866683959960938</Height>
                  <BackgroundColor>
                    <A>255</A>
                    <R>255</R>
                    <G>255</G>
                    <B>0</B>
                  </BackgroundColor>
                  <ForegroundColor>
                    <A>255</A>
                    <R>0</R>
                    <G>0</G>
                    <B>0</B>
                  </ForegroundColor>
                  <FontSize>15</FontSize>
                  <FontFamily>Comic Sans MS</FontFamily>
                </AssetBase>
                <AssetBase xsi:type="InformationBoxAsset">
                  <ID>7cade1f1-2315-44db-a3b8-05d5529e9dcf</ID>
                  <Name>I am Sir Solvesalot!</Name>
                  <BehaviorList />
                  <Opacity>1</Opacity>
                  <X>293</X>
                  <Y>174.83332824707031</Y>
                  <X2>500.816650390625</X2>
                  <Y2>226.01666259765625</Y2>
                  <Width>207.816650390625</Width>
                  <Height>51.183334350585938</Height>
                  <BackgroundColor>
                    <A>255</A>
                    <R>255</R>
                    <G>255</G>
                    <B>0</B>
                  </BackgroundColor>
                  <ForegroundColor>
                    <A>255</A>
                    <R>0</R>
                    <G>0</G>
                    <B>0</B>
                  </ForegroundColor>
                  <FontSize>15</FontSize>
                  <FontFamily>Comic Sans MS</FontFamily>
                </AssetBase>
                <AssetBase xsi:type="ButtonAsset">
                  <ID>a27fa215-6190-4ff5-808f-975afdd6ff8a</ID>
                  <Name>Continue</Name>
                  <BehaviorList>
                    <Behavior xsi:type="TransitionBehavior">
                      <Trigger>Click</Trigger>
                      <Time>0</Time>
                      <DisplayName>Transition Behavior</DisplayName>
                      <TransitionID>cedea975-7c3f-4504-bb37-103db995dfc4</TransitionID>
                      <Transition>None</Transition>
                    </Behavior>
                  </BehaviorList>
                  <Opacity>1</Opacity>
                  <X>571.96661376953125</X>
                  <Y>335.2166748046875</Y>
                  <X2>700.8499755859375</X2>
                  <Y2>383.316650390625</Y2>
                  <Width>128.88336181640625</Width>
                  <Height>48.0999755859375</Height>
                  <BackgroundColor>
                    <A>255</A>
                    <R>255</R>
                    <G>255</G>
                    <B>0</B>
                  </BackgroundColor>
                  <ForegroundColor>
                    <A>255</A>
                    <R>0</R>
                    <G>0</G>
                    <B>0</B>
                  </ForegroundColor>
                  <FontSize>15</FontSize>
                  <FontFamily>Comic Sans MS</FontFamily>
                </AssetBase>
              </Assets>
              <Background>Backdrops\bedroom master.png</Background>
            </Screen>
          </Screens>
        </Scene>
        <Scene>
          <ID>c8cd45bd-d35f-4937-be9e-7b31b2a92eb6</ID>
          <Name>Act1 Scene1</Name>
          <BehaviorList />
          <Assets />
          <Background>Backdrops\bedroom master.png</Background>
          <Screens>
            <Screen>
              <ID>e2092d39-f33c-45d4-a111-d1a267cf13ed</ID>
              <Name>Act1 Scene1 Screen0</Name>
              <BehaviorList />
              <Assets>
                <AssetBase xsi:type="ImageAsset">
                  <ID>e09ce35b-a6c9-4e14-a6f9-a0e4559cba80</ID>
                  <BehaviorList />
                  <Opacity>1</Opacity>
                  <X>36.083301544189453</X>
                  <Y>194.00001525878906</Y>
                  <X2>191.48330688476563</X2>
                  <Y2>337.68333435058594</Y2>
                  <Width>155.40000534057617</Width>
                  <Height>143.68331909179688</Height>
                  <DisplayImage>Props\GenericInteraction\Regular Speech 2.png</DisplayImage>
                </AssetBase>
                <AssetBase xsi:type="ImageAsset">
                  <ID>9a59c301-393c-4240-a663-6f65e08732dc</ID>
                  <BehaviorList />
                  <Opacity>1</Opacity>
                  <X>278.43331909179688</X>
                  <Y>251.35002136230469</Y>
                  <X2>514</X2>
                  <Y2>330.9000244140625</Y2>
                  <Width>235.56668090820313</Width>
                  <Height>79.550003051757812</Height>
                  <DisplayImage>Props\GenericInteraction\TextBubble.png</DisplayImage>
                </AssetBase>
                <AssetBase xsi:type="ImageAsset">
                  <ID>d80f1b68-7238-4c30-b3f5-60bd7e2bdaf1</ID>
                  <BehaviorList />
                  <Opacity>1</Opacity>
                  <X>68.149978637695312</X>
                  <Y>205.71669006347656</Y>
                  <X2>287.68330383300781</X2>
                  <Y2>351.86669921875</Y2>
                  <Width>219.5333251953125</Width>
                  <Height>146.15000915527344</Height>
                  <DisplayImage>Props\GenericInteraction\TextBubble.png</DisplayImage>
                </AssetBase>
                <AssetBase xsi:type="CharacterAsset">
                  <ID>bbd3834b-384f-4c7d-9b3f-a0d84edf2009</ID>
                  <BehaviorList />
                  <Opacity>1</Opacity>
                  <X>295.08334350585938</X>
                  <Y>277.25</Y>
                  <X2>378.33332824707031</X2>
                  <Y2>411.066650390625</Y2>
                  <Width>83.249984741210938</Width>
                  <Height>133.816650390625</Height>
                  <BackgroundColor>
                    <A>255</A>
                    <R>255</R>
                    <G>255</G>
                    <B>0</B>
                  </BackgroundColor>
                  <ForegroundColor>
                    <A>255</A>
                    <R>0</R>
                    <G>0</G>
                    <B>0</B>
                  </ForegroundColor>
                  <FontSize>15</FontSize>
                  <FontFamily>Comic Sans MS</FontFamily>
                  <Experience>0</Experience>
                  <Certificates>0</Certificates>
                  <Promotions>0</Promotions>
                  <Trophies>0</Trophies>
                  <Points>0</Points>
                  <Hint>0</Hint>
                  <DisplayImage>character_19\char19_LPointUp.png</DisplayImage>
                </AssetBase>
                <AssetBase xsi:type="InformationBoxAsset">
                  <ID>556e738e-ba1c-4c86-b992-6fb3d559bb53</ID>
                  <Name>Have a safe journey back to your world!</Name>
                  <BehaviorList />
                  <Opacity>1</Opacity>
                  <X>292</X>
                  <Y>261.83332824707031</Y>
                  <X2>499.816650390625</X2>
                  <Y2>313.01666259765625</Y2>
                  <Width>207.816650390625</Width>
                  <Height>51.183334350585938</Height>
                  <BackgroundColor>
                    <A>255</A>
                    <R>255</R>
                    <G>255</G>
                    <B>0</B>
                  </BackgroundColor>
                  <ForegroundColor>
                    <A>255</A>
                    <R>0</R>
                    <G>0</G>
                    <B>0</B>
                  </ForegroundColor>
                  <FontSize>15</FontSize>
                  <FontFamily>Comic Sans MS</FontFamily>
                </AssetBase>
                <AssetBase xsi:type="InformationBoxAsset">
                  <ID>786916e8-d9e3-4015-b951-aa26f46e0dd5</ID>
                  <Name>After defeating lord calcutron, sir solvesalot takes tou back to the warp zone that will take you back to your own world.</Name>
                  <BehaviorList />
                  <Opacity>1</Opacity>
                  <X>9.5666418075561523</X>
                  <Y>129.25</Y>
                  <X2>342.566650390625</X2>
                  <Y2>280.95001220703125</Y2>
                  <Width>333.00000858306885</Width>
                  <Height>151.70001220703125</Height>
                  <BackgroundColor>
                    <A>255</A>
                    <R>255</R>
                    <G>255</G>
                    <B>0</B>
                  </BackgroundColor>
                  <ForegroundColor>
                    <A>255</A>
                    <R>0</R>
                    <G>0</G>
                    <B>0</B>
                  </ForegroundColor>
                  <FontSize>15</FontSize>
                  <FontFamily>Comic Sans MS</FontFamily>
                </AssetBase>
                <AssetBase xsi:type="ButtonAsset">
                  <ID>cf97a9ee-04c1-4cb8-b2b0-6fa78d041952</ID>
                  <Name>Warp!</Name>
                  <BehaviorList>
                    <Behavior xsi:type="TransitionBehavior">
                      <Trigger>Click</Trigger>
                      <Time>0</Time>
                      <DisplayName>Transition Behavior</DisplayName>
                      <TransitionID>30bdc2d2-f294-4a52-bc97-2e8f4a85b3f7</TransitionID>
                      <Transition>None</Transition>
                    </Behavior>
                  </BehaviorList>
                  <Opacity>1</Opacity>
                  <X>571.96661376953125</X>
                  <Y>335.2166748046875</Y>
                  <X2>700.8499755859375</X2>
                  <Y2>383.316650390625</Y2>
                  <Width>128.88336181640625</Width>
                  <Height>48.0999755859375</Height>
                  <BackgroundColor>
                    <A>255</A>
                    <R>255</R>
                    <G>255</G>
                    <B>0</B>
                  </BackgroundColor>
                  <ForegroundColor>
                    <A>255</A>
                    <R>0</R>
                    <G>0</G>
                    <B>0</B>
                  </ForegroundColor>
                  <FontSize>15</FontSize>
                  <FontFamily>Comic Sans MS</FontFamily>
                </AssetBase>
              </Assets>
              <Background>Backdrops\bedroom master.png</Background>
            </Screen>
          </Screens>
        </Scene>
        <Scene>
          <ID>94403397-600e-47c0-bd34-fde0e03d9e1c</ID>
          <Name>Act1 Scene2</Name>
          <BehaviorList />
          <Assets />
          <Background>Backdrops\bedroom master.png</Background>
          <Screens>
            <Screen>
              <ID>cedea975-7c3f-4504-bb37-103db995dfc4</ID>
              <Name>Act1 Scene2 Screen0</Name>
              <BehaviorList />
              <Assets>
                <AssetBase xsi:type="ImageAsset">
                  <ID>91f826bf-baf1-42b8-bca9-ad35a35b019f</ID>
                  <BehaviorList />
                  <Opacity>1</Opacity>
                  <X>255.43331909179688</X>
                  <Y>155.35002136230469</Y>
                  <X2>515</X2>
                  <Y2>271.9000244140625</Y2>
                  <Width>259.56668090820312</Width>
                  <Height>116.55000305175781</Height>
                  <DisplayImage>Props\GenericInteraction\TextBubble.png</DisplayImage>
                </AssetBase>
                <AssetBase xsi:type="CharacterAsset">
                  <ID>3b448ba9-a38c-4ae2-a864-60cb8b3d9621</ID>
                  <BehaviorList />
                  <Opacity>1</Opacity>
                  <X>202.08334350585938</X>
                  <Y>273.25</Y>
                  <X2>315.33332824707031</X2>
                  <Y2>496.066650390625</Y2>
                  <Width>113.24998474121094</Width>
                  <Height>222.816650390625</Height>
                  <BackgroundColor>
                    <A>255</A>
                    <R>255</R>
                    <G>255</G>
                    <B>0</B>
                  </BackgroundColor>
                  <ForegroundColor>
                    <A>255</A>
                    <R>0</R>
                    <G>0</G>
                    <B>0</B>
                  </ForegroundColor>
                  <FontSize>15</FontSize>
                  <FontFamily>Comic Sans MS</FontFamily>
                  <Experience>0</Experience>
                  <Certificates>0</Certificates>
                  <Promotions>0</Promotions>
                  <Trophies>0</Trophies>
                  <Points>0</Points>
                  <Hint>0</Hint>
                  <DisplayImage>character_19\char19_LPointUp.png</DisplayImage>
                </AssetBase>
                <AssetBase xsi:type="InformationBoxAsset">
                  <ID>a73ed81e-c0ad-4cce-93ab-b2d27ddd1de6</ID>
                  <Name> Geography is study of earth's landscape, people and environment</Name>
                  <BehaviorList />
                  <Opacity>1</Opacity>
                  <X>267.56664180755615</X>
                  <Y>178.25</Y>
                  <X2>500.566650390625</X2>
                  <Y2>238.95001220703125</Y2>
                  <Width>233.00000858306885</Width>
                  <Height>60.70001220703125</Height>
                  <BackgroundColor>
                    <A>255</A>
                    <R>255</R>
                    <G>255</G>
                    <B>0</B>
                  </BackgroundColor>
                  <ForegroundColor>
                    <A>255</A>
                    <R>0</R>
                    <G>0</G>
                    <B>0</B>
                  </ForegroundColor>
                  <FontSize>15</FontSize>
                  <FontFamily>Comic Sans MS</FontFamily>
                </AssetBase>
                <AssetBase xsi:type="ButtonAsset">
                  <ID>5c7f9384-217e-463b-b63b-6881cd5a6216</ID>
                  <Name>Continue</Name>
                  <BehaviorList>
                    <Behavior xsi:type="TransitionBehavior">
                      <Trigger>Click</Trigger>
                      <Time>0</Time>
                      <DisplayName>Transition Behavior</DisplayName>
                      <TransitionID>3e6b9f32-3f4c-4449-8f4f-e023d408d732</TransitionID>
                      <Transition>None</Transition>
                    </Behavior>
                  </BehaviorList>
                  <Opacity>1</Opacity>
                  <X>571.96661376953125</X>
                  <Y>335.2166748046875</Y>
                  <X2>700.8499755859375</X2>
                  <Y2>383.316650390625</Y2>
                  <Width>128.88336181640625</Width>
                  <Height>48.0999755859375</Height>
                  <BackgroundColor>
                    <A>255</A>
                    <R>255</R>
                    <G>255</G>
                    <B>0</B>
                  </BackgroundColor>
                  <ForegroundColor>
                    <A>255</A>
                    <R>0</R>
                    <G>0</G>
                    <B>0</B>
                  </ForegroundColor>
                  <FontSize>15</FontSize>
                  <FontFamily>Comic Sans MS</FontFamily>
                </AssetBase>
              </Assets>
              <Background>Backdrops\bedroom master.png</Background>
            </Screen>
          </Screens>
        </Scene>
        <Scene>
          <ID>43dfcffb-c2a0-4522-87a9-17a4df99b6ac</ID>
          <Name>Act1 Scene3</Name>
          <BehaviorList />
          <Assets />
          <Background>Backdrops\bedroom master.png</Background>
          <Screens>
            <Screen>
              <ID>3e6b9f32-3f4c-4449-8f4f-e023d408d732</ID>
              <Name>Act1 Scene3 Screen0</Name>
              <BehaviorList />
              <Assets>
                <AssetBase xsi:type="ImageAsset">
                  <ID>cd53084f-95a3-4eeb-b5a5-054e138bcd4b</ID>
                  <BehaviorList />
                  <Opacity>1</Opacity>
                  <X>69.383308410644531</X>
                  <Y>273.55001831054688</Y>
                  <X2>234.03330993652344</X2>
                  <Y2>335.2166748046875</Y2>
                  <Width>164.65000152587891</Width>
                  <Height>61.666656494140625</Height>
                  <DisplayImage>Props\GenericInteraction\TextBubbleLarge.png</DisplayImage>
                </AssetBase>
                <AssetBase xsi:type="CharacterAsset">
                  <ID>5a90c989-dad2-4077-ba85-895c522d9f2a</ID>
                  <BehaviorList />
                  <Opacity>1</Opacity>
                  <X>57.083343505859375</X>
                  <Y>329.25</Y>
                  <X2>140.33332824707031</X2>
                  <Y2>463.066650390625</Y2>
                  <Width>83.249984741210938</Width>
                  <Height>133.816650390625</Height>
                  <BackgroundColor>
                    <A>255</A>
                    <R>255</R>
                    <G>255</G>
                    <B>0</B>
                  </BackgroundColor>
                  <ForegroundColor>
                    <A>255</A>
                    <R>0</R>
                    <G>0</G>
                    <B>0</B>
                  </ForegroundColor>
                  <FontSize>15</FontSize>
                  <FontFamily>Comic Sans MS</FontFamily>
                  <Experience>0</Experience>
                  <Certificates>0</Certificates>
                  <Promotions>0</Promotions>
                  <Trophies>0</Trophies>
                  <Points>0</Points>
                  <Hint>0</Hint>
                  <DisplayImage>character_19\char19_LPointUp.png</DisplayImage>
                </AssetBase>
                <AssetBase xsi:type="InformationBoxAsset">
                  <ID>2be60a91-6062-4719-a8fa-8d1c306d7858</ID>
                  <Name>You can do it!!</Name>
                  <BehaviorList />
                  <Opacity>1</Opacity>
                  <X>76.783298492431641</X>
                  <Y>280.94998168945312</Y>
                  <X2>226.01663208007813</X2>
                  <Y2>321.64999389648438</Y2>
                  <Width>149.23333358764648</Width>
                  <Height>40.70001220703125</Height>
                  <BackgroundColor>
                    <A>255</A>
                    <R>255</R>
                    <G>255</G>
                    <B>0</B>
                  </BackgroundColor>
                  <ForegroundColor>
                    <A>255</A>
                    <R>0</R>
                    <G>0</G>
                    <B>0</B>
                  </ForegroundColor>
                  <FontSize>15</FontSize>
                  <FontFamily>Comic Sans MS</FontFamily>
                </AssetBase>
                <AssetBase xsi:type="InformationBoxAsset">
                  <ID>dc2c3fb4-8846-4c87-92fb-b04338287300</ID>
                  <Name>Using Algebra solve:</Name>
                  <BehaviorList />
                  <Opacity>1</Opacity>
                  <X>186.54997253417969</X>
                  <Y>171.18333435058594</Y>
                  <X2>748.95001220703125</X2>
                  <Y2>227.30000305175781</Y2>
                  <Width>562.40003967285156</Width>
                  <Height>56.116668701171875</Height>
                  <BackgroundColor>
                    <A>255</A>
                    <R>255</R>
                    <G>255</G>
                    <B>0</B>
                  </BackgroundColor>
                  <ForegroundColor>
                    <A>255</A>
                    <R>0</R>
                    <G>0</G>
                    <B>0</B>
                  </ForegroundColor>
                  <FontSize>15</FontSize>
                  <FontFamily>Comic Sans MS</FontFamily>
                </AssetBase>
                <AssetBase xsi:type="InformationBoxAsset">
                  <ID>d5186845-92bb-4596-a829-7f64692ba082</ID>
                  <Name>Geography deals with ?</Name>
                  <BehaviorList />
                  <Opacity>1</Opacity>
                  <X>184.08331298828125</X>
                  <Y>115.68333435058594</Y>
                  <X2>752.64996337890625</X2>
                  <Y2>165.63334655761719</Y2>
                  <Width>568.566650390625</Width>
                  <Height>49.95001220703125</Height>
                  <BackgroundColor>
                    <A>255</A>
                    <R>255</R>
                    <G>255</G>
                    <B>0</B>
                  </BackgroundColor>
                  <ForegroundColor>
                    <A>255</A>
                    <R>0</R>
                    <G>0</G>
                    <B>0</B>
                  </ForegroundColor>
                  <FontSize>15</FontSize>
                  <FontFamily>Comic Sans MS</FontFamily>
                </AssetBase>
                <AssetBase xsi:type="ButtonAsset">
                  <ID>8d1b9a73-9bad-4fac-8680-6a1ff6e09050</ID>
                  <Name>Chemicals</Name>
                  <BehaviorList>
                    <Behavior>
                      <Trigger>Click</Trigger>
                      <Time>0</Time>
                    </Behavior>
                    <Behavior xsi:type="TransitionBehavior">
                      <Trigger>Click</Trigger>
                      <Time>0</Time>
                      <DisplayName>Transition Behavior</DisplayName>
                      <TransitionID>0837638c-f660-4916-b473-f665b49bfb0e</TransitionID>
                      <Transition>None</Transition>
                    </Behavior>
                  </BehaviorList>
                  <Opacity>1</Opacity>
                  <X>322.83331298828125</X>
                  <Y>230.38333129882813</Y>
                  <X2>607.73333740234375</X2>
                  <Y2>264.30001831054688</Y2>
                  <Width>284.9000244140625</Width>
                  <Height>33.91668701171875</Height>
                  <BackgroundColor>
                    <A>255</A>
                    <R>255</R>
                    <G>255</G>
                    <B>0</B>
                  </BackgroundColor>
                  <ForegroundColor>
                    <A>255</A>
                    <R>0</R>
                    <G>0</G>
                    <B>0</B>
                  </ForegroundColor>
                  <FontSize>15</FontSize>
                  <FontFamily>Comic Sans MS</FontFamily>
                </AssetBase>
                <AssetBase xsi:type="ButtonAsset">
                  <ID>ea68e212-a6c0-4a64-b4f3-5b64bbc2fd3d</ID>
                  <Name>Computers</Name>
                  <BehaviorList>
                    <Behavior>
                      <Trigger>Click</Trigger>
                      <Time>0</Time>
                    </Behavior>
                    <Behavior xsi:type="TransitionBehavior">
                      <Trigger>Click</Trigger>
                      <Time>0</Time>
                      <DisplayName>Transition Behavior</DisplayName>
                      <TransitionID>3e6b9f32-3f4c-4449-8f4f-e023d408d732</TransitionID>
                      <Transition>None</Transition>
                    </Behavior>
                  </BehaviorList>
                  <Opacity>1</Opacity>
                  <X>322.83331298828125</X>
                  <Y>265.53335571289062</Y>
                  <X2>607.73333740234375</X2>
                  <Y2>299.45004272460938</Y2>
                  <Width>284.9000244140625</Width>
                  <Height>33.91668701171875</Height>
                  <BackgroundColor>
                    <A>255</A>
                    <R>255</R>
                    <G>255</G>
                    <B>0</B>
                  </BackgroundColor>
                  <ForegroundColor>
                    <A>255</A>
                    <R>0</R>
                    <G>0</G>
                    <B>0</B>
                  </ForegroundColor>
                  <FontSize>15</FontSize>
                  <FontFamily>Comic Sans MS</FontFamily>
                </AssetBase>
                <AssetBase xsi:type="ButtonAsset">
                  <ID>50a400fc-0bc3-417e-b698-6970175508f2</ID>
                  <Name>earth's landscape</Name>
                  <BehaviorList>
                    <Behavior>
                      <Trigger>Click</Trigger>
                      <Time>0</Time>
                    </Behavior>
                    <Behavior xsi:type="TransitionBehavior">
                      <Trigger>Click</Trigger>
                      <Time>0</Time>
                      <DisplayName>Transition Behavior</DisplayName>
                      <TransitionID>e2092d39-f33c-45d4-a111-d1a267cf13ed</TransitionID>
                      <Transition>None</Transition>
                    </Behavior>
                  </BehaviorList>
                  <Opacity>1</Opacity>
                  <X>322.83331298828125</X>
                  <Y>303.76666259765625</Y>
                  <X2>607.73333740234375</X2>
                  <Y2>337.683349609375</Y2>
                  <Width>284.9000244140625</Width>
                  <Height>33.91668701171875</Height>
                  <BackgroundColor>
                    <A>255</A>
                    <R>255</R>
                    <G>255</G>
                    <B>0</B>
                  </BackgroundColor>
                  <ForegroundColor>
                    <A>255</A>
                    <R>0</R>
                    <G>0</G>
                    <B>0</B>
                  </ForegroundColor>
                  <FontSize>15</FontSize>
                  <FontFamily>Comic Sans MS</FontFamily>
                </AssetBase>
                <AssetBase xsi:type="ButtonAsset">
                  <ID>bb4494f4-d6f1-4b0b-8170-6bd08a98a114</ID>
                  <Name>Formulas</Name>
                  <BehaviorList>
                    <Behavior>
                      <Trigger>Click</Trigger>
                      <Time>0</Time>
                    </Behavior>
                    <Behavior xsi:type="TransitionBehavior">
                      <Trigger>Click</Trigger>
                      <Time>0</Time>
                      <DisplayName>Transition Behavior</DisplayName>
                      <TransitionID>cedea975-7c3f-4504-bb37-103db995dfc4</TransitionID>
                      <Transition>None</Transition>
                    </Behavior>
                  </BehaviorList>
                  <Opacity>1</Opacity>
                  <X>322.83331298828125</X>
                  <Y>343.23333740234375</Y>
                  <X2>607.73333740234375</X2>
                  <Y2>377.1500244140625</Y2>
                  <Width>284.9000244140625</Width>
                  <Height>33.91668701171875</Height>
                  <BackgroundColor>
                    <A>255</A>
                    <R>255</R>
                    <G>255</G>
                    <B>0</B>
                  </BackgroundColor>
                  <ForegroundColor>
                    <A>255</A>
                    <R>0</R>
                    <G>0</G>
                    <B>0</B>
                  </ForegroundColor>
                  <FontSize>15</FontSize>
                  <FontFamily>Comic Sans MS</FontFamily>
                </AssetBase>
              </Assets>
              <Background>Backdrops\bedroom master.png</Background>
            </Screen>
          </Screens>
        </Scene>
        <Scene>
          <ID>9726cc10-23bf-4fcb-a572-fb52b903d893</ID>
          <Name>Act1 Scene4</Name>
          <BehaviorList />
          <Assets />
          <Background>Backdrops\bedroom master.png</Background>
          <Screens>
            <Screen>
              <ID>0837638c-f660-4916-b473-f665b49bfb0e</ID>
              <Name>Act1 Scene4 Screen0</Name>
              <BehaviorList />
              <Assets>
                <AssetBase xsi:type="ImageAsset">
                  <ID>d79f5e37-0817-4551-85bf-52cd68faecd1</ID>
                  <BehaviorList />
                  <Opacity>1</Opacity>
                  <X>278.43331909179688</X>
                  <Y>251.35002136230469</Y>
                  <X2>514</X2>
                  <Y2>330.9000244140625</Y2>
                  <Width>235.56668090820313</Width>
                  <Height>79.550003051757812</Height>
                  <DisplayImage>Props\GenericInteraction\TextBubble.png</DisplayImage>
                </AssetBase>
                <AssetBase xsi:type="ImageAsset">
                  <ID>16bf6c81-6579-4dcc-b73a-da9e3da63acc</ID>
                  <BehaviorList />
                  <Opacity>1</Opacity>
                  <X>68.149978637695312</X>
                  <Y>205.71669006347656</Y>
                  <X2>287.68330383300781</X2>
                  <Y2>351.86669921875</Y2>
                  <Width>219.5333251953125</Width>
                  <Height>146.15000915527344</Height>
                  <DisplayImage>Props\GenericInteraction\TextBubble.png</DisplayImage>
                </AssetBase>
                <AssetBase xsi:type="CharacterAsset">
                  <ID>5e6081c4-4833-4c7e-9e38-fc7b0c01fd33</ID>
                  <BehaviorList />
                  <Opacity>1</Opacity>
                  <X>53.316665649414062</X>
                  <Y>242.86666870117188</Y>
                  <X2>173.36666870117188</X2>
                  <Y2>488.48335266113281</Y2>
                  <Width>120.05000305175781</Width>
                  <Height>245.61668395996094</Height>
                  <BackgroundColor>
                    <A>255</A>
                    <R>255</R>
                    <G>255</G>
                    <B>0</B>
                  </BackgroundColor>
                  <ForegroundColor>
                    <A>255</A>
                    <R>0</R>
                    <G>0</G>
                    <B>0</B>
                  </ForegroundColor>
                  <FontSize>15</FontSize>
                  <FontFamily>Comic Sans MS</FontFamily>
                  <Experience>0</Experience>
                  <Certificates>0</Certificates>
                  <Promotions>0</Promotions>
                  <Trophies>0</Trophies>
                  <Points>0</Points>
                  <Hint>0</Hint>
                  <DisplayImage>character_22\char22_LEvil.png</DisplayImage>
                </AssetBase>
                <AssetBase xsi:type="CharacterAsset">
                  <ID>7300c169-98ff-4975-adef-dfce80048fca</ID>
                  <BehaviorList />
                  <Opacity>1</Opacity>
                  <X>211.08334350585938</X>
                  <Y>259.25</Y>
                  <X2>335.33332824707031</X2>
                  <Y2>503.066650390625</Y2>
                  <Width>124.24998474121094</Width>
                  <Height>243.816650390625</Height>
                  <BackgroundColor>
                    <A>255</A>
                    <R>255</R>
                    <G>255</G>
                    <B>0</B>
                  </BackgroundColor>
                  <ForegroundColor>
                    <A>255</A>
                    <R>0</R>
                    <G>0</G>
                    <B>0</B>
                  </ForegroundColor>
                  <FontSize>15</FontSize>
                  <FontFamily>Comic Sans MS</FontFamily>
                  <Experience>0</Experience>
                  <Certificates>0</Certificates>
                  <Promotions>0</Promotions>
                  <Trophies>0</Trophies>
                  <Points>0</Points>
                  <Hint>0</Hint>
                  <DisplayImage>character_19\char19_LPointUp.png</DisplayImage>
                </AssetBase>
                <AssetBase xsi:type="InformationBoxAsset">
                  <ID>1108d7ba-15b8-4ce3-9c65-973006b8ff15</ID>
                  <Name>You answered incorrectly!</Name>
                  <BehaviorList />
                  <Opacity>1</Opacity>
                  <X>89.566641807556152</X>
                  <Y>250.25</Y>
                  <X2>267.566650390625</X2>
                  <Y2>296.95001220703125</Y2>
                  <Width>178.00000858306885</Width>
                  <Height>46.70001220703125</Height>
                  <BackgroundColor>
                    <A>255</A>
                    <R>255</R>
                    <G>255</G>
                    <B>0</B>
                  </BackgroundColor>
                  <ForegroundColor>
                    <A>255</A>
                    <R>0</R>
                    <G>0</G>
                    <B>0</B>
                  </ForegroundColor>
                  <FontSize>15</FontSize>
                  <FontFamily>Comic Sans MS</FontFamily>
                </AssetBase>
                <AssetBase xsi:type="InformationBoxAsset">
                  <ID>d976ed8a-2522-43fc-8819-31ad929bf345</ID>
                  <Name>Don't worry! You can try again.</Name>
                  <BehaviorList />
                  <Opacity>1</Opacity>
                  <X>292</X>
                  <Y>261.83332824707031</Y>
                  <X2>499.816650390625</X2>
                  <Y2>313.01666259765625</Y2>
                  <Width>207.816650390625</Width>
                  <Height>51.183334350585938</Height>
                  <BackgroundColor>
                    <A>255</A>
                    <R>255</R>
                    <G>255</G>
                    <B>0</B>
                  </BackgroundColor>
                  <ForegroundColor>
                    <A>255</A>
                    <R>0</R>
                    <G>0</G>
                    <B>0</B>
                  </ForegroundColor>
                  <FontSize>15</FontSize>
                  <FontFamily>Comic Sans MS</FontFamily>
                </AssetBase>
                <AssetBase xsi:type="ButtonAsset">
                  <ID>ca1f4881-27b3-4c21-8379-a85e6140aca3</ID>
                  <Name>Retry</Name>
                  <BehaviorList>
                    <Behavior xsi:type="TransitionBehavior">
                      <Trigger>Click</Trigger>
                      <Time>0</Time>
                      <DisplayName>Transition Behavior</DisplayName>
                      <TransitionID>3e6b9f32-3f4c-4449-8f4f-e023d408d732</TransitionID>
                      <Transition>None</Transition>
                    </Behavior>
                  </BehaviorList>
                  <Opacity>1</Opacity>
                  <X>388.96661376953125</X>
                  <Y>387.2166748046875</Y>
                  <X2>517.8499755859375</X2>
                  <Y2>435.316650390625</Y2>
                  <Width>128.88336181640625</Width>
                  <Height>48.0999755859375</Height>
                  <BackgroundColor>
                    <A>255</A>
                    <R>255</R>
                    <G>255</G>
                    <B>0</B>
                  </BackgroundColor>
                  <ForegroundColor>
                    <A>255</A>
                    <R>0</R>
                    <G>0</G>
                    <B>0</B>
                  </ForegroundColor>
                  <FontSize>15</FontSize>
                  <FontFamily>Comic Sans MS</FontFamily>
                </AssetBase>
              </Assets>
              <Background>Backdrops\bedroom master.png</Background>
            </Screen>
          </Screens>
        </Scene>
      </Scenes>
    </Act>
    <Act>
      <ID>29ac9e71-0b0a-4c2b-bc9c-38ed4a77fb83</ID>
      <Name>Act2</Name>
      <BehaviorList />
      <Assets />
      <Scenes>
        <Scene>
          <ID>c1303570-9054-48e0-90b0-d817e897b026</ID>
          <Name>Act2 Scene0</Name>
          <BehaviorList />
          <Assets />
          <Background>Backdrops\bedroom master.png</Background>
          <Screens>
            <Screen>
              <ID>30bdc2d2-f294-4a52-bc97-2e8f4a85b3f7</ID>
              <Name>Act2 Scene0 Screen0</Name>
              <BehaviorList />
              <Assets>
                <AssetBase xsi:type="ImageAsset">
                  <ID>a42279fe-d6ba-415d-9591-a721327adb8e</ID>
                  <BehaviorList />
                  <Opacity>1</Opacity>
                  <X>362.29995727539062</X>
                  <Y>96.416656494140625</Y>
                  <X2>639.79998779296875</X2>
                  <Y2>206.18331909179688</Y2>
                  <Width>277.50003051757812</Width>
                  <Height>109.76666259765625</Height>
                  <DisplayImage>Props\GenericInteraction\TextBubble.png</DisplayImage>
                </AssetBase>
                <AssetBase xsi:type="CharacterAsset">
                  <ID>3cdca018-2b0b-4873-b100-6e5d305f7cec</ID>
                  <BehaviorList />
                  <Opacity>1</Opacity>
                  <X>176.61663818359375</X>
                  <Y>176.16666412353516</Y>
                  <X2>416.49993896484375</X2>
                  <Y2>470.93331909179688</Y2>
                  <Width>239.88330078125</Width>
                  <Height>294.76665496826172</Height>
                  <BackgroundColor>
                    <A>255</A>
                    <R>255</R>
                    <G>255</G>
                    <B>0</B>
                  </BackgroundColor>
                  <ForegroundColor>
                    <A>255</A>
                    <R>0</R>
                    <G>0</G>
                    <B>0</B>
                  </ForegroundColor>
                  <FontSize>15</FontSize>
                  <FontFamily>Comic Sans MS</FontFamily>
                  <Experience>0</Experience>
                  <Certificates>0</Certificates>
                  <Promotions>0</Promotions>
                  <Trophies>0</Trophies>
                  <Points>0</Points>
                  <Hint>0</Hint>
                  <DisplayImage>character_15\char15_RPointUp.png</DisplayImage>
                </AssetBase>
                <AssetBase xsi:type="InformationBoxAsset">
                  <ID>fed12925-0a95-4835-ab6b-5f49e260e337</ID>
                  <Name>What a great game! I learned so much.</Name>
                  <BehaviorList />
                  <Opacity>1</Opacity>
                  <X>375.86663818359375</X>
                  <Y>113.83334350585938</Y>
                  <X2>625.61666870117188</X2>
                  <Y2>180.43333435058594</Y2>
                  <Width>249.75003051757813</Width>
                  <Height>66.599990844726562</Height>
                  <BackgroundColor>
                    <A>255</A>
                    <R>255</R>
                    <G>255</G>
                    <B>0</B>
                  </BackgroundColor>
                  <ForegroundColor>
                    <A>255</A>
                    <R>0</R>
                    <G>0</G>
                    <B>0</B>
                  </ForegroundColor>
                  <FontSize>15</FontSize>
                  <FontFamily>Comic Sans MS</FontFamily>
                </AssetBase>
                <AssetBase xsi:type="ButtonAsset">
                  <ID>9c312c9b-acac-4ea8-bf6f-bba982580178</ID>
                  <Name>End Game</Name>
                  <BehaviorList>
                    <Behavior xsi:type="EndGameBehavior">
                      <Trigger>Click</Trigger>
                      <Time>0</Time>
                      <DisplayName>End Game Behavior</DisplayName>
                    </Behavior>
                  </BehaviorList>
                  <Opacity>1</Opacity>
                  <X>570.7332763671875</X>
                  <Y>325.9666748046875</Y>
                  <X2>692.21661376953125</X2>
                  <Y2>372.8333740234375</Y2>
                  <Width>121.48333740234375</Width>
                  <Height>46.86669921875</Height>
                  <BackgroundColor>
                    <A>255</A>
                    <R>255</R>
                    <G>255</G>
                    <B>0</B>
                  </BackgroundColor>
                  <ForegroundColor>
                    <A>255</A>
                    <R>0</R>
                    <G>0</G>
                    <B>0</B>
                  </ForegroundColor>
                  <FontSize>15</FontSize>
                  <FontFamily>Comic Sans MS</FontFamily>
                </AssetBase>
              </Assets>
              <Background>Backdrops\bedroom master.png</Background>
            </Screen>
          </Screens>
        </Scene>
      </Scenes>
    </Act>
  </Acts>
</Game>