<Challenge>
    <LessonChallenges>
      <LessonChallenge>
        <Buttons>
        </Buttons>
  <ChallengeOptions>
	<ChallengeOption>
            <ChallengeOptionType>BUTTON</ChallengeOptionType>
	  <ButtonLocationType>CHALLENGE_1</ButtonLocationType>
            <Reward>
              <Points>-2147483646</Points>
            </Reward>
	  <Text>to split the process into that portion to be performed by people and that portion to be performed by the computer. </Text>
	  <Timer></Timer>
	  <TransitionType>ADDITIONAL</TransitionType>
	  <AdditionalScreens>
		<AdditionalScreen xmlns:xsi="http://www.w3.org/2001/XMLSchema-instance" xsi:type="learningObjectiveFailure">
		  <Buttons>
			<Button>
			  <ButtonLocationType>NEXT</ButtonLocationType>
			  <Text>Retry</Text>
			  <Timer></Timer>
			  <TransitionType>CURRENT_CHALLENGE</TransitionType>
			</Button>
		  </Buttons>
		  <Characters>
			<Character>
			  <CharacterType>VILLIAN</CharacterType>
			  <Timer></Timer>
			</Character>
			<Character>
			  <CharacterType>HERO</CharacterType>
			  <Timer></Timer>
			</Character>
		  </Characters>
		  <InformationBoxes>
			<InformationBox>
			  <Text>You answered incorrectly!</Text>
			  <TextType>ALT1</TextType>
			  <Timer></Timer>
			</InformationBox>
			<InformationBox>
			  <Text>Don't worry! You can try again.</Text>
			  <TextType>HERO</TextType>
			  <Timer></Timer>
			</InformationBox>
		  </InformationBoxes>
		  <ChallengeOptions />
		  <Timer></Timer>
		</AdditionalScreen>
	  </AdditionalScreens>
	  <ChallengeOptionType>BUTTON</ChallengeOptionType>
	</ChallengeOption>
          <ChallengeOption>
            <ChallengeOptionType>BUTTON</ChallengeOptionType>
            <ButtonLocationType>CHALLENGE_2</ButtonLocationType>
            <Reward>
              <Points>-2147483646</Points>
            </Reward>
            <Text>to show multiple, but different implementations, of the same logical process (such as one process for paper orders and a different process for Internet orders).  </Text>
            <Timer></Timer>
            <TransitionType>BEGINNING_OF_CHALLENGE</TransitionType>
          </ChallengeOption>
          <ChallengeOption>
            <ChallengeOptionType>BUTTON</ChallengeOptionType>
            <ButtonLocationType>CHALLENGE_3</ButtonLocationType>
            <Reward>
              <Points>2</Points>
            </Reward>
            <Text>to split the process into that portion that is to be implemented with one technology and that portion to be implemented with a different technology. </Text>
            <Timer></Timer>
            <TransitionType>END_OF_STORY</TransitionType>
          </ChallengeOption>
          <ChallengeOption>
            <ChallengeOptionType>BUTTON</ChallengeOptionType>
            <ButtonLocationType>CHALLENGE_4</ButtonLocationType>
            <Reward>
              <Points>-2147483646</Points>
            </Reward>
            <Text>to add processes that are necessary to handle exceptions or to implement security requirements and audit trails. </Text>
            <Timer></Timer>
            <TransitionType>BEGINNING_OF_LESSON</TransitionType>
          </ChallengeOption>
  </ChallengeOptions>
        <Characters>
          <Character>
            <CharacterType>HERO</CharacterType>
            <MovementType></MovementType>
            <Timer></Timer>
          </Character>
        </Characters>
        <InformationBoxes>
          <InformationBox>
            <Text>You can do it!!</Text>
            <TextType>HERO</TextType>
            <Timer></Timer>
          </InformationBox>
          <InformationBox>
            <Text>Using Answer:</Text>
            <TextType>CHALLENGE_QUESTION</TextType>
            <Timer></Timer>
          </InformationBox>
          <InformationBox>
            <Text>Which of the following is a reason to split a logical process into multiple physical processes?  </Text>
            <TextType>CHALLENGE_DESCRIPTION</TextType>
            <Timer></Timer>
          </InformationBox>
        </InformationBoxes>
        <Timer>60</Timer>
      </LessonChallenge>
<LessonChallenge>
        <Buttons>
        </Buttons>
  <ChallengeOptions>
	<ChallengeOption>
            <ChallengeOptionType>BUTTON</ChallengeOptionType>
	  <ButtonLocationType>CHALLENGE_1</ButtonLocationType>
            <Reward>
              <Points>-2147483646</Points>
            </Reward>
	  <Text> a system or utility program   </Text>
	  <Timer></Timer>
	  <TransitionType>ADDITIONAL</TransitionType>
	  <AdditionalScreens>
		<AdditionalScreen xmlns:xsi="http://www.w3.org/2001/XMLSchema-instance" xsi:type="learningObjectiveFailure">
		  <Buttons>
			<Button>
			  <ButtonLocationType>NEXT</ButtonLocationType>
			  <Text>Retry</Text>
			  <Timer></Timer>
			  <TransitionType>CURRENT_CHALLENGE</TransitionType>
			</Button>
		  </Buttons>
		  <Characters>
			<Character>
			  <CharacterType>VILLIAN</CharacterType>
			  <Timer></Timer>
			</Character>
			<Character>
			  <CharacterType>HERO</CharacterType>
			  <Timer></Timer>
			</Character>
		  </Characters>
		  <InformationBoxes>
			<InformationBox>
			  <Text>You answered incorrectly!</Text>
			  <TextType>ALT1</TextType>
			  <Timer></Timer>
			</InformationBox>
			<InformationBox>
			  <Text>Don't worry! You can try again.</Text>
			  <TextType>HERO</TextType>
			  <Timer></Timer>
			</InformationBox>
		  </InformationBoxes>
		  <ChallengeOptions />
		  <Timer></Timer>
		</AdditionalScreen>
	  </AdditionalScreens>
	  <ChallengeOptionType>BUTTON</ChallengeOptionType>
	</ChallengeOption>
          <ChallengeOption>
            <ChallengeOptionType>BUTTON</ChallengeOptionType>
            <ButtonLocationType>CHALLENGE_2</ButtonLocationType>
            <Reward>
              <Points>-2147483646</Points>
            </Reward>
            <Text>an existing application program from a program library  </Text>
            <Timer></Timer>
            <TransitionType>BEGINNING_OF_CHALLENGE</TransitionType>
          </ChallengeOption>
          <ChallengeOption>
            <ChallengeOptionType>BUTTON</ChallengeOptionType>
            <ButtonLocationType>CHALLENGE_3</ButtonLocationType>
            <Reward>
              <Points>2</Points>
            </Reward>
            <Text>a program to be written  </Text>
            <Timer></Timer>
            <TransitionType>END_OF_STORY</TransitionType>
          </ChallengeOption>
          <ChallengeOption>
            <ChallengeOptionType>BUTTON</ChallengeOptionType>
            <ButtonLocationType>CHALLENGE_4</ButtonLocationType>
            <Reward>
              <Points>-2147483646</Points>
            </Reward>
            <Text>all of these are implementation methods </Text>
            <Timer></Timer>
            <TransitionType>BEGINNING_OF_LESSON</TransitionType>
          </ChallengeOption>
  </ChallengeOptions>
        <Characters>
          <Character>
            <CharacterType>HERO</CharacterType>
            <MovementType></MovementType>
            <Timer></Timer>
          </Character>
        </Characters>
        <InformationBoxes>
          <InformationBox>
            <Text>You can do it!!</Text>
            <TextType>HERO</TextType>
            <Timer></Timer>
          </InformationBox>
          <InformationBox>
            <Text>Using Answer:</Text>
            <TextType>CHALLENGE_QUESTION</TextType>
            <Timer></Timer>
          </InformationBox>
          <InformationBox>
            <Text>Which of the following is NOT an implementation method? </Text>
            <TextType>CHALLENGE_DESCRIPTION</TextType>
            <Timer></Timer>
          </InformationBox>
        </InformationBoxes>
        <Timer>60</Timer>
      </LessonChallenge>
<LessonChallenge>
        <Buttons>
        </Buttons>
  <ChallengeOptions>
	<ChallengeOption>
            <ChallengeOptionType>BUTTON</ChallengeOptionType>
	  <ButtonLocationType>CHALLENGE_1</ButtonLocationType>
            <Reward>
              <Points>-2147483646</Points>
            </Reward>
	  <Text>Modern business are already distributed, and thus distributed solutions are a natural implementation alternative.  </Text>
	  <Timer></Timer>
	  <TransitionType>ADDITIONAL</TransitionType>
	  <AdditionalScreens>
		<AdditionalScreen xmlns:xsi="http://www.w3.org/2001/XMLSchema-instance" xsi:type="learningObjectiveFailure">
		  <Buttons>
			<Button>
			  <ButtonLocationType>NEXT</ButtonLocationType>
			  <Text>Retry</Text>
			  <Timer></Timer>
			  <TransitionType>CURRENT_CHALLENGE</TransitionType>
			</Button>
		  </Buttons>
		  <Characters>
			<Character>
			  <CharacterType>VILLIAN</CharacterType>
			  <Timer></Timer>
			</Character>
			<Character>
			  <CharacterType>HERO</CharacterType>
			  <Timer></Timer>
			</Character>
		  </Characters>
		  <InformationBoxes>
			<InformationBox>
			  <Text>You answered incorrectly!</Text>
			  <TextType>ALT1</TextType>
			  <Timer></Timer>
			</InformationBox>
			<InformationBox>
			  <Text>Don't worry! You can try again.</Text>
			  <TextType>HERO</TextType>
			  <Timer></Timer>
			</InformationBox>
		  </InformationBoxes>
		  <ChallengeOptions />
		  <Timer></Timer>
		</AdditionalScreen>
	  </AdditionalScreens>
	  <ChallengeOptionType>BUTTON</ChallengeOptionType>
	</ChallengeOption>
          <ChallengeOption>
            <ChallengeOptionType>BUTTON</ChallengeOptionType>
            <ButtonLocationType>CHALLENGE_2</ButtonLocationType>
            <Reward>
              <Points>-2147483646</Points>
            </Reward>
            <Text>Distributed computing consolidates the incredible power made possible by the proliferation of personal computers across an enterprise. </Text>
            <Timer></Timer>
            <TransitionType>BEGINNING_OF_CHALLENGE</TransitionType>
          </ChallengeOption>
          <ChallengeOption>
            <ChallengeOptionType>BUTTON</ChallengeOptionType>
            <ButtonLocationType>CHALLENGE_3</ButtonLocationType>
            <Reward>
              <Points>2</Points>
            </Reward>
            <Text>Distributed system solutions are more user-friendly because they utilize the PC as the user interface processor.  </Text>
            <Timer></Timer>
            <TransitionType>END_OF_STORY</TransitionType>
          </ChallengeOption>
          <ChallengeOption>
            <ChallengeOptionType>BUTTON</ChallengeOptionType>
            <ButtonLocationType>CHALLENGE_4</ButtonLocationType>
            <Reward>
              <Points>-2147483646</Points>
            </Reward>
            <Text>Personal computers and network servers are much cheaper than mainframes. </Text>
            <Timer></Timer>
            <TransitionType>BEGINNING_OF_LESSON</TransitionType>
          </ChallengeOption>
  </ChallengeOptions>
        <Characters>
          <Character>
            <CharacterType>HERO</CharacterType>
            <MovementType></MovementType>
            <Timer></Timer>
          </Character>
        </Characters>
        <InformationBoxes>
          <InformationBox>
            <Text>You can do it!!</Text>
            <TextType>HERO</TextType>
            <Timer></Timer>
          </InformationBox>
          <InformationBox>
            <Text>Using Answer:</Text>
            <TextType>CHALLENGE_QUESTION</TextType>
            <Timer></Timer>
          </InformationBox>
          <InformationBox>
            <Text>Which of the following best explains the trend toward distributed systems ? </Text>
            <TextType>CHALLENGE_DESCRIPTION</TextType>
            <Timer></Timer>
          </InformationBox>
        </InformationBoxes>
        <Timer>60</Timer>
      </LessonChallenge>
<LessonChallenge>
        <Buttons>
        </Buttons>
  <ChallengeOptions>
	<ChallengeOption>
            <ChallengeOptionType>BUTTON</ChallengeOptionType>
	  <ButtonLocationType>CHALLENGE_1</ButtonLocationType>
            <Reward>
              <Points>-2147483646</Points>
            </Reward>
	  <Text>file server architecture   </Text>
	  <Timer></Timer>
	  <TransitionType>ADDITIONAL</TransitionType>
	  <AdditionalScreens>
		<AdditionalScreen xmlns:xsi="http://www.w3.org/2001/XMLSchema-instance" xsi:type="learningObjectiveFailure">
		  <Buttons>
			<Button>
			  <ButtonLocationType>NEXT</ButtonLocationType>
			  <Text>Retry</Text>
			  <Timer></Timer>
			  <TransitionType>CURRENT_CHALLENGE</TransitionType>
			</Button>
		  </Buttons>
		  <Characters>
			<Character>
			  <CharacterType>VILLIAN</CharacterType>
			  <Timer></Timer>
			</Character>
			<Character>
			  <CharacterType>HERO</CharacterType>
			  <Timer></Timer>
			</Character>
		  </Characters>
		  <InformationBoxes>
			<InformationBox>
			  <Text>You answered incorrectly!</Text>
			  <TextType>ALT1</TextType>
			  <Timer></Timer>
			</InformationBox>
			<InformationBox>
			  <Text>Don't worry! You can try again.</Text>
			  <TextType>HERO</TextType>
			  <Timer></Timer>
			</InformationBox>
		  </InformationBoxes>
		  <ChallengeOptions />
		  <Timer></Timer>
		</AdditionalScreen>
	  </AdditionalScreens>
	  <ChallengeOptionType>BUTTON</ChallengeOptionType>
	</ChallengeOption>
          <ChallengeOption>
            <ChallengeOptionType>BUTTON</ChallengeOptionType>
            <ButtonLocationType>CHALLENGE_2</ButtonLocationType>
            <Reward>
              <Points>-2147483646</Points>
            </Reward>
            <Text>wireless architecture  </Text>
            <Timer></Timer>
            <TransitionType>BEGINNING_OF_CHALLENGE</TransitionType>
          </ChallengeOption>
          <ChallengeOption>
            <ChallengeOptionType>BUTTON</ChallengeOptionType>
            <ButtonLocationType>CHALLENGE_3</ButtonLocationType>
            <Reward>
              <Points>2</Points>
            </Reward>
            <Text> Internet-based architecture  </Text>
            <Timer></Timer>
            <TransitionType>END_OF_STORY</TransitionType>
          </ChallengeOption>
          <ChallengeOption>
            <ChallengeOptionType>BUTTON</ChallengeOptionType>
            <ButtonLocationType>CHALLENGE_4</ButtonLocationType>
            <Reward>
              <Points>-2147483646</Points>
            </Reward>
            <Text>all of these are basic types of distributed architecture </Text>
            <Timer></Timer>
            <TransitionType>BEGINNING_OF_LESSON</TransitionType>
          </ChallengeOption>
  </ChallengeOptions>
        <Characters>
          <Character>
            <CharacterType>HERO</CharacterType>
            <MovementType></MovementType>
            <Timer></Timer>
          </Character>
        </Characters>
        <InformationBoxes>
          <InformationBox>
            <Text>You can do it!!</Text>
            <TextType>HERO</TextType>
            <Timer></Timer>
          </InformationBox>
          <InformationBox>
            <Text>Using Answer:</Text>
            <TextType>CHALLENGE_QUESTION</TextType>
            <Timer></Timer>
          </InformationBox>
          <InformationBox>
            <Text>Which of the following is NOT one of the basic types of distributed systems architecture?  </Text>
            <TextType>CHALLENGE_DESCRIPTION</TextType>
            <Timer></Timer>
          </InformationBox>
        </InformationBoxes>
        <Timer>60</Timer>
      </LessonChallenge>
<LessonChallenge>
        <Buttons>
        </Buttons>
  <ChallengeOptions>
	<ChallengeOption>
            <ChallengeOptionType>BUTTON</ChallengeOptionType>
	  <ButtonLocationType>CHALLENGE_1</ButtonLocationType>
            <Reward>
              <Points>-2147483646</Points>
            </Reward>
	  <Text>a centralized system  </Text>
	  <Timer></Timer>
	  <TransitionType>ADDITIONAL</TransitionType>
	  <AdditionalScreens>
		<AdditionalScreen xmlns:xsi="http://www.w3.org/2001/XMLSchema-instance" xsi:type="learningObjectiveFailure">
		  <Buttons>
			<Button>
			  <ButtonLocationType>NEXT</ButtonLocationType>
			  <Text>Retry</Text>
			  <Timer></Timer>
			  <TransitionType>CURRENT_CHALLENGE</TransitionType>
			</Button>
		  </Buttons>
		  <Characters>
			<Character>
			  <CharacterType>VILLIAN</CharacterType>
			  <Timer></Timer>
			</Character>
			<Character>
			  <CharacterType>HERO</CharacterType>
			  <Timer></Timer>
			</Character>
		  </Characters>
		  <InformationBoxes>
			<InformationBox>
			  <Text>You answered incorrectly!</Text>
			  <TextType>ALT1</TextType>
			  <Timer></Timer>
			</InformationBox>
			<InformationBox>
			  <Text>Don't worry! You can try again.</Text>
			  <TextType>HERO</TextType>
			  <Timer></Timer>
			</InformationBox>
		  </InformationBoxes>
		  <ChallengeOptions />
		  <Timer></Timer>
		</AdditionalScreen>
	  </AdditionalScreens>
	  <ChallengeOptionType>BUTTON</ChallengeOptionType>
	</ChallengeOption>
          <ChallengeOption>
            <ChallengeOptionType>BUTTON</ChallengeOptionType>
            <ButtonLocationType>CHALLENGE_2</ButtonLocationType>
            <Reward>
              <Points>-2147483646</Points>
            </Reward>
            <Text>a database system  </Text>
            <Timer></Timer>
            <TransitionType>BEGINNING_OF_CHALLENGE</TransitionType>
          </ChallengeOption>
          <ChallengeOption>
            <ChallengeOptionType>BUTTON</ChallengeOptionType>
            <ButtonLocationType>CHALLENGE_3</ButtonLocationType>
            <Reward>
              <Points>2</Points>
            </Reward>
            <Text>a communications system </Text>
            <Timer></Timer>
            <TransitionType>END_OF_STORY</TransitionType>
          </ChallengeOption>
          <ChallengeOption>
            <ChallengeOptionType>BUTTON</ChallengeOptionType>
            <ButtonLocationType>CHALLENGE_4</ButtonLocationType>
            <Reward>
              <Points>-2147483646</Points>
            </Reward>
            <Text> an emulated system </Text>
            <Timer></Timer>
            <TransitionType>BEGINNING_OF_LESSON</TransitionType>
          </ChallengeOption>
  </ChallengeOptions>
        <Characters>
          <Character>
            <CharacterType>HERO</CharacterType>
            <MovementType></MovementType>
            <Timer></Timer>
          </Character>
        </Characters>
        <InformationBoxes>
          <InformationBox>
            <Text>You can do it!!</Text>
            <TextType>HERO</TextType>
            <Timer></Timer>
          </InformationBox>
          <InformationBox>
            <Text>Using Answer:</Text>
            <TextType>CHALLENGE_QUESTION</TextType>
            <Timer></Timer>
          </InformationBox>
          <InformationBox>
            <Text>A system in which the components of an information system are distributed to multiple locations in a computer network is known as: ?</Text>
            <TextType>CHALLENGE_DESCRIPTION</TextType>
            <Timer></Timer>
          </InformationBox>
        </InformationBoxes>
        <Timer>60</Timer>
      </LessonChallenge>
    </LessonChallenges>
</Challenge>