﻿<?xml version="1.0" encoding="utf-8"?>
<Game xmlns:xsi="http://www.w3.org/2001/XMLSchema-instance" xmlns:xsd="http://www.w3.org/2001/XMLSchema">
  <ID>2b271543-ae78-48b6-8119-7c8366d4cbee</ID>
  <Name>Test Game 1</Name>
  <BehaviorList />
  <Acts>
    <Act>
      <ID>480eb674-2704-47a6-a139-70d52be213f9</ID>
      <Name>Act 1</Name>
      <BehaviorList />
      <Assets />
      <Scenes>
        <Scene>
          <ID>39f0a184-9931-4106-9b57-a4836a064381</ID>
          <Name>Scene 1</Name>
          <BehaviorList />
          <Assets />
          <Background>Solid\Blue.jpg</Background>
          <Screens>
            <Screen>
              <ID>d48fde2f-343c-4ea5-826b-5ffaab997d39</ID>
              <Name>Screen 1</Name>
              <BehaviorList />
              <Assets>
                <AssetBase xsi:type="ButtonAsset">
                  <ID>c5c53c9c-4b2d-4f53-b5f8-0d726869d6c9</ID>
                  <Name>Play to Win!</Name>
                  <BehaviorList>
                    <Behavior xsi:type="TransitionBehavior">
                      <Trigger>Click</Trigger>
                      <Time>0</Time>
                      <DisplayName>Transition Behavior</DisplayName>
                      <TransitionID>f060f979-0a8c-4b44-9be2-3fd73f1749cf</TransitionID>
                      <Transition>FadeOutQuick</Transition>
                    </Behavior>
                  </BehaviorList>
                  <Opacity>1</Opacity>
                  <X>210</X>
                  <Y>263</Y>
                  <X2>471</X2>
                  <Y2>374</Y2>
                  <Width>261</Width>
                  <Height>111</Height>
                  <BackgroundColor>
                    <A>255</A>
                    <R>255</R>
                    <G>255</G>
                    <B>0</B>
                  </BackgroundColor>
                  <ForegroundColor>
                    <A>255</A>
                    <R>0</R>
                    <G>0</G>
                    <B>0</B>
                  </ForegroundColor>
                  <FontSize>15</FontSize>
                  <FontFamily>Comic Sans MS</FontFamily>
                </AssetBase>
              </Assets>
              <Background>Solid\Blue.jpg</Background>
            </Screen>
            <Screen>
              <ID>f060f979-0a8c-4b44-9be2-3fd73f1749cf</ID>
              <Name>Screen 2</Name>
              <BehaviorList />
              <Assets>
                <AssetBase xsi:type="InformationBoxAsset">
                  <ID>87f7501b-ee33-466f-9af9-3009935897db</ID>
                  <Name>You Won!!! Your current points are &lt;Points&gt;!</Name>
                  <BehaviorList />
                  <Opacity>1</Opacity>
                  <X>252</X>
                  <Y>236</Y>
                  <X2>446</X2>
                  <Y2>337</Y2>
                  <Width>194</Width>
                  <Height>101</Height>
                  <BackgroundColor>
                    <A>255</A>
                    <R>255</R>
                    <G>255</G>
                    <B>0</B>
                  </BackgroundColor>
                  <ForegroundColor>
                    <A>255</A>
                    <R>0</R>
                    <G>0</G>
                    <B>0</B>
                  </ForegroundColor>
                  <FontSize>15</FontSize>
                  <FontFamily>Comic Sans MS</FontFamily>
                </AssetBase>
                <AssetBase xsi:type="ButtonAsset">
                  <ID>39c0f2c2-3f42-4503-94ac-9f739504d555</ID>
                  <Name>End Game</Name>
                  <BehaviorList />
                  <Opacity>1</Opacity>
                  <X>451</X>
                  <Y>381</Y>
                  <X2>572</X2>
                  <Y2>427</Y2>
                  <Width>121</Width>
                  <Height>46</Height>
                  <BackgroundColor>
                    <A>255</A>
                    <R>255</R>
                    <G>255</G>
                    <B>0</B>
                  </BackgroundColor>
                  <ForegroundColor>
                    <A>255</A>
                    <R>0</R>
                    <G>0</G>
                    <B>0</B>
                  </ForegroundColor>
                  <FontSize>15</FontSize>
                  <FontFamily>Comic Sans MS</FontFamily>
                </AssetBase>
              </Assets>
              <Background>Solid\Blue.jpg</Background>
            </Screen>
          </Screens>
        </Scene>
      </Scenes>
    </Act>
  </Acts>
</Game>