"Problem","Package","File","Priority","Line","Description","Rule set","Rule"
"1","edu.utdallas.gamegenerator.controller","src/main/java/edu/utdallas/gamegenerator/controller/ManageGameElementConfigController.java","3","32","Avoid really long classes.","Code Size Rules","ExcessiveClassLength"
"2","edu.utdallas.gamegenerator.controller","src/main/java/edu/utdallas/gamegenerator/controller/ManageGameElementConfigController.java","3","32","The class 'ManageGameElementConfigController' has a Cyclomatic Complexity of 6 (Highest = 18).","Code Size Rules","CyclomaticComplexity"
"3","edu.utdallas.gamegenerator.controller","src/main/java/edu/utdallas/gamegenerator/controller/ManageGameElementConfigController.java","3","32","This class has too many methods, consider refactoring it.","Code Size Rules","TooManyMethods"
"4","edu.utdallas.gamegenerator.controller","src/main/java/edu/utdallas/gamegenerator/controller/ManageGameElementConfigController.java","3","37","Avoid excessively long variable names like manageGameGeneratorService","Naming Rules","LongVariable"
"5","edu.utdallas.gamegenerator.controller","src/main/java/edu/utdallas/gamegenerator/controller/ManageGameElementConfigController.java","3","50","Parameter 'model' is not assigned and could be declared final","Optimization Rules","MethodArgumentCouldBeFinal"
"6","edu.utdallas.gamegenerator.controller","src/main/java/edu/utdallas/gamegenerator/controller/ManageGameElementConfigController.java","3","50","Parameter 'request' is not assigned and could be declared final","Optimization Rules","MethodArgumentCouldBeFinal"
"7","edu.utdallas.gamegenerator.controller","src/main/java/edu/utdallas/gamegenerator/controller/ManageGameElementConfigController.java","3","50","Parameter 'session' is not assigned and could be declared final","Optimization Rules","MethodArgumentCouldBeFinal"
"8","edu.utdallas.gamegenerator.controller","src/main/java/edu/utdallas/gamegenerator/controller/ManageGameElementConfigController.java","3","50","Parameter 'session1' is not assigned and could be declared final","Optimization Rules","MethodArgumentCouldBeFinal"
"9","edu.utdallas.gamegenerator.controller","src/main/java/edu/utdallas/gamegenerator/controller/ManageGameElementConfigController.java","3","59","The String literal '/GameElement/ListActs' appears 11 times in this file; the first occurrence is on line 59","String and StringBuffer Rules","AvoidDuplicateLiterals"
"10","edu.utdallas.gamegenerator.controller","src/main/java/edu/utdallas/gamegenerator/controller/ManageGameElementConfigController.java","3","73","Parameter 'model' is not assigned and could be declared final","Optimization Rules","MethodArgumentCouldBeFinal"
"11","edu.utdallas.gamegenerator.controller","src/main/java/edu/utdallas/gamegenerator/controller/ManageGameElementConfigController.java","3","75","Local variable 'populateAct' could be declared final","Optimization Rules","LocalVariableCouldBeFinal"
"12","edu.utdallas.gamegenerator.controller","src/main/java/edu/utdallas/gamegenerator/controller/ManageGameElementConfigController.java","5","119","Found 'DD'-anomaly for variable 'actList' (lines '119'-'127').","Controversial Rules","DataflowAnomalyAnalysis"
"13","edu.utdallas.gamegenerator.controller","src/main/java/edu/utdallas/gamegenerator/controller/ManageGameElementConfigController.java","3","124","Local variable 'noOfActs' could be declared final","Optimization Rules","LocalVariableCouldBeFinal"
"14","edu.utdallas.gamegenerator.controller","src/main/java/edu/utdallas/gamegenerator/controller/ManageGameElementConfigController.java","5","128","Found 'DD'-anomaly for variable 'act' (lines '128'-'134').","Controversial Rules","DataflowAnomalyAnalysis"
"15","edu.utdallas.gamegenerator.controller","src/main/java/edu/utdallas/gamegenerator/controller/ManageGameElementConfigController.java","5","128","Found 'DU'-anomaly for variable 'act' (lines '128'-'153').","Controversial Rules","DataflowAnomalyAnalysis"
"16","edu.utdallas.gamegenerator.controller","src/main/java/edu/utdallas/gamegenerator/controller/ManageGameElementConfigController.java","3","129","Local variable 'iNoOfActs' could be declared final","Optimization Rules","LocalVariableCouldBeFinal"
"17","edu.utdallas.gamegenerator.controller","src/main/java/edu/utdallas/gamegenerator/controller/ManageGameElementConfigController.java","3","130","Deeply nested if..then statements are hard to read","Design Rules","AvoidDeeplyNestedIfStmts"
"18","edu.utdallas.gamegenerator.controller","src/main/java/edu/utdallas/gamegenerator/controller/ManageGameElementConfigController.java","3","134","Avoid instantiating new objects inside loops","Optimization Rules","AvoidInstantiatingObjectsInLoops"
"19","edu.utdallas.gamegenerator.controller","src/main/java/edu/utdallas/gamegenerator/controller/ManageGameElementConfigController.java","3","140","Avoid excessively long variable names like currentgameGeneratorInfo","Naming Rules","LongVariable"
"20","edu.utdallas.gamegenerator.controller","src/main/java/edu/utdallas/gamegenerator/controller/ManageGameElementConfigController.java","3","140","Local variable 'currentgameGeneratorInfo' could be declared final","Optimization Rules","LocalVariableCouldBeFinal"
"21","edu.utdallas.gamegenerator.controller","src/main/java/edu/utdallas/gamegenerator/controller/ManageGameElementConfigController.java","3","141","Avoid if (x != y) ..; else ..;","Design Rules","ConfusingTernary"
"22","edu.utdallas.gamegenerator.controller","src/main/java/edu/utdallas/gamegenerator/controller/ManageGameElementConfigController.java","5","170","Found 'DD'-anomaly for variable 'act' (lines '170'-'186').","Controversial Rules","DataflowAnomalyAnalysis"
"23","edu.utdallas.gamegenerator.controller","src/main/java/edu/utdallas/gamegenerator/controller/ManageGameElementConfigController.java","3","173","Local variable 'actId' could be declared final","Optimization Rules","LocalVariableCouldBeFinal"
"24","edu.utdallas.gamegenerator.controller","src/main/java/edu/utdallas/gamegenerator/controller/ManageGameElementConfigController.java","3","176","Avoid excessively long variable names like currentGameGenInfo","Naming Rules","LongVariable"
"25","edu.utdallas.gamegenerator.controller","src/main/java/edu/utdallas/gamegenerator/controller/ManageGameElementConfigController.java","3","180","Substitute calls to size() == 0 (or size() != 0) with calls to isEmpty()","Design Rules","UseCollectionIsEmpty"
"26","edu.utdallas.gamegenerator.controller","src/main/java/edu/utdallas/gamegenerator/controller/ManageGameElementConfigController.java","5","186","Found 'DD'-anomaly for variable 'act' (lines '186'-'186').","Controversial Rules","DataflowAnomalyAnalysis"
"27","edu.utdallas.gamegenerator.controller","src/main/java/edu/utdallas/gamegenerator/controller/ManageGameElementConfigController.java","5","220","Found 'DD'-anomaly for variable 'gameGeneratorInfo' (lines '220'-'243').","Controversial Rules","DataflowAnomalyAnalysis"
"28","edu.utdallas.gamegenerator.controller","src/main/java/edu/utdallas/gamegenerator/controller/ManageGameElementConfigController.java","5","220","Found 'DD'-anomaly for variable 'gameGeneratorInfo' (lines '220'-'247').","Controversial Rules","DataflowAnomalyAnalysis"
"29","edu.utdallas.gamegenerator.controller","src/main/java/edu/utdallas/gamegenerator/controller/ManageGameElementConfigController.java","5","221","Found 'DD'-anomaly for variable 'sceneList' (lines '221'-'230').","Controversial Rules","DataflowAnomalyAnalysis"
"30","edu.utdallas.gamegenerator.controller","src/main/java/edu/utdallas/gamegenerator/controller/ManageGameElementConfigController.java","5","221","Found 'DU'-anomaly for variable 'sceneList' (lines '221'-'252').","Controversial Rules","DataflowAnomalyAnalysis"
"31","edu.utdallas.gamegenerator.controller","src/main/java/edu/utdallas/gamegenerator/controller/ManageGameElementConfigController.java","5","231","Found 'DD'-anomaly for variable 'sceneId' (lines '231'-'235').","Controversial Rules","DataflowAnomalyAnalysis"
"32","edu.utdallas.gamegenerator.controller","src/main/java/edu/utdallas/gamegenerator/controller/ManageGameElementConfigController.java","5","231","Found 'DU'-anomaly for variable 'sceneId' (lines '231'-'252').","Controversial Rules","DataflowAnomalyAnalysis"
"33","edu.utdallas.gamegenerator.controller","src/main/java/edu/utdallas/gamegenerator/controller/ManageGameElementConfigController.java","3","235","Avoid instantiating new objects inside loops","Optimization Rules","AvoidInstantiatingObjectsInLoops"
"34","edu.utdallas.gamegenerator.controller","src/main/java/edu/utdallas/gamegenerator/controller/ManageGameElementConfigController.java","3","237","Avoid appending characters as strings in StringBuffer.append.","String and StringBuffer Rules","AppendCharacterWithChar"
"35","edu.utdallas.gamegenerator.controller","src/main/java/edu/utdallas/gamegenerator/controller/ManageGameElementConfigController.java","3","237","StringBuffer.append is called 2 consecutive times with literal Strings. Use a single append with a single String.","String and StringBuffer Rules","ConsecutiveLiteralAppends"
"36","edu.utdallas.gamegenerator.controller","src/main/java/edu/utdallas/gamegenerator/controller/ManageGameElementConfigController.java","3","238","Avoid concatenating nonliterals in a StringBuffer constructor or append().","String and StringBuffer Rules","InefficientStringBuffering"
"37","edu.utdallas.gamegenerator.controller","src/main/java/edu/utdallas/gamegenerator/controller/ManageGameElementConfigController.java","3","239","Avoid instantiating new objects inside loops","Optimization Rules","AvoidInstantiatingObjectsInLoops"
"38","edu.utdallas.gamegenerator.controller","src/main/java/edu/utdallas/gamegenerator/controller/ManageGameElementConfigController.java","2","266","Avoid reassigning parameters such as 'gameGeneratorInfo'","Design Rules","AvoidReassigningParameters"
"39","edu.utdallas.gamegenerator.controller","src/main/java/edu/utdallas/gamegenerator/controller/ManageGameElementConfigController.java","3","268","Avoid if (x != y) ..; else ..;","Design Rules","ConfusingTernary"
"40","edu.utdallas.gamegenerator.controller","src/main/java/edu/utdallas/gamegenerator/controller/ManageGameElementConfigController.java","3","301","The method 'getScreenCountConfig' has a Cyclomatic Complexity of 10.","Code Size Rules","CyclomaticComplexity"
"41","edu.utdallas.gamegenerator.controller","src/main/java/edu/utdallas/gamegenerator/controller/ManageGameElementConfigController.java","5","303","Found 'DD'-anomaly for variable 'scene' (lines '303'-'324').","Controversial Rules","DataflowAnomalyAnalysis"
"42","edu.utdallas.gamegenerator.controller","src/main/java/edu/utdallas/gamegenerator/controller/ManageGameElementConfigController.java","3","307","The String literal 'From getScreenCountConfig :' appears 5 times in this file; the first occurrence is on line 307","String and StringBuffer Rules","AvoidDuplicateLiterals"
"43","edu.utdallas.gamegenerator.controller","src/main/java/edu/utdallas/gamegenerator/controller/ManageGameElementConfigController.java","5","309","Found 'DU'-anomaly for variable 'currentActId' (lines '309'-'345').","Controversial Rules","DataflowAnomalyAnalysis"
"44","edu.utdallas.gamegenerator.controller","src/main/java/edu/utdallas/gamegenerator/controller/ManageGameElementConfigController.java","3","311","Avoid excessively long variable names like currentGameGenInfo","Naming Rules","LongVariable"
"45","edu.utdallas.gamegenerator.controller","src/main/java/edu/utdallas/gamegenerator/controller/ManageGameElementConfigController.java","3","315","Substitute calls to size() == 0 (or size() != 0) with calls to isEmpty()","Design Rules","UseCollectionIsEmpty"
"46","edu.utdallas.gamegenerator.controller","src/main/java/edu/utdallas/gamegenerator/controller/ManageGameElementConfigController.java","5","362","Found 'DD'-anomaly for variable 'gameGeneratorInfo' (lines '362'-'386').","Controversial Rules","DataflowAnomalyAnalysis"
"47","edu.utdallas.gamegenerator.controller","src/main/java/edu/utdallas/gamegenerator/controller/ManageGameElementConfigController.java","5","362","Found 'DD'-anomaly for variable 'gameGeneratorInfo' (lines '362'-'390').","Controversial Rules","DataflowAnomalyAnalysis"
"48","edu.utdallas.gamegenerator.controller","src/main/java/edu/utdallas/gamegenerator/controller/ManageGameElementConfigController.java","5","363","Found 'DD'-anomaly for variable 'screenList' (lines '363'-'375').","Controversial Rules","DataflowAnomalyAnalysis"
"49","edu.utdallas.gamegenerator.controller","src/main/java/edu/utdallas/gamegenerator/controller/ManageGameElementConfigController.java","5","363","Found 'DU'-anomaly for variable 'screenList' (lines '363'-'396').","Controversial Rules","DataflowAnomalyAnalysis"
"50","edu.utdallas.gamegenerator.controller","src/main/java/edu/utdallas/gamegenerator/controller/ManageGameElementConfigController.java","5","376","Found 'DD'-anomaly for variable 'screenId' (lines '376'-'379').","Controversial Rules","DataflowAnomalyAnalysis"
"51","edu.utdallas.gamegenerator.controller","src/main/java/edu/utdallas/gamegenerator/controller/ManageGameElementConfigController.java","5","376","Found 'DU'-anomaly for variable 'screenId' (lines '376'-'396').","Controversial Rules","DataflowAnomalyAnalysis"
"52","edu.utdallas.gamegenerator.controller","src/main/java/edu/utdallas/gamegenerator/controller/ManageGameElementConfigController.java","3","379","Avoid instantiating new objects inside loops","Optimization Rules","AvoidInstantiatingObjectsInLoops"
"53","edu.utdallas.gamegenerator.controller","src/main/java/edu/utdallas/gamegenerator/controller/ManageGameElementConfigController.java","3","381","Avoid appending characters as strings in StringBuffer.append.","String and StringBuffer Rules","AppendCharacterWithChar"
"54","edu.utdallas.gamegenerator.controller","src/main/java/edu/utdallas/gamegenerator/controller/ManageGameElementConfigController.java","3","381","StringBuffer.append is called 2 consecutive times with literal Strings. Use a single append with a single String.","String and StringBuffer Rules","ConsecutiveLiteralAppends"
"55","edu.utdallas.gamegenerator.controller","src/main/java/edu/utdallas/gamegenerator/controller/ManageGameElementConfigController.java","3","382","Avoid concatenating nonliterals in a StringBuffer constructor or append().","String and StringBuffer Rules","InefficientStringBuffering"
"56","edu.utdallas.gamegenerator.controller","src/main/java/edu/utdallas/gamegenerator/controller/ManageGameElementConfigController.java","3","383","Avoid instantiating new objects inside loops","Optimization Rules","AvoidInstantiatingObjectsInLoops"
"57","edu.utdallas.gamegenerator.controller","src/main/java/edu/utdallas/gamegenerator/controller/ManageGameElementConfigController.java","2","411","Avoid reassigning parameters such as 'gameGeneratorInfo'","Design Rules","AvoidReassigningParameters"
"58","edu.utdallas.gamegenerator.controller","src/main/java/edu/utdallas/gamegenerator/controller/ManageGameElementConfigController.java","3","416","Avoid if (x != y) ..; else ..;","Design Rules","ConfusingTernary"
"59","edu.utdallas.gamegenerator.controller","src/main/java/edu/utdallas/gamegenerator/controller/ManageGameElementConfigController.java","3","463","The method 'getScreenTypeConfig' has a Cyclomatic Complexity of 18.","Code Size Rules","CyclomaticComplexity"
"60","edu.utdallas.gamegenerator.controller","src/main/java/edu/utdallas/gamegenerator/controller/ManageGameElementConfigController.java","3","463","The method getScreenTypeConfig() has an NPath complexity of 242","Code Size Rules","NPathComplexity"
"61","edu.utdallas.gamegenerator.controller","src/main/java/edu/utdallas/gamegenerator/controller/ManageGameElementConfigController.java","5","465","Found 'DD'-anomaly for variable 'screen' (lines '465'-'494').","Controversial Rules","DataflowAnomalyAnalysis"
"62","edu.utdallas.gamegenerator.controller","src/main/java/edu/utdallas/gamegenerator/controller/ManageGameElementConfigController.java","3","466","Avoid excessively long variable names like currentGameGenInfo","Naming Rules","LongVariable"
"63","edu.utdallas.gamegenerator.controller","src/main/java/edu/utdallas/gamegenerator/controller/ManageGameElementConfigController.java","3","478","Substitute calls to size() == 0 (or size() != 0) with calls to isEmpty()","Design Rules","UseCollectionIsEmpty"
"64","edu.utdallas.gamegenerator.controller","src/main/java/edu/utdallas/gamegenerator/controller/ManageGameElementConfigController.java","5","524","Found 'DD'-anomaly for variable 'viewName' (lines '524'-'533').","Controversial Rules","DataflowAnomalyAnalysis"
"65","edu.utdallas.gamegenerator.controller","src/main/java/edu/utdallas/gamegenerator/controller/ManageGameElementConfigController.java","5","524","Found 'DD'-anomaly for variable 'viewName' (lines '524'-'537').","Controversial Rules","DataflowAnomalyAnalysis"
"66","edu.utdallas.gamegenerator.controller","src/main/java/edu/utdallas/gamegenerator/controller/ManageGameElementConfigController.java","5","524","Found 'DD'-anomaly for variable 'viewName' (lines '524'-'541').","Controversial Rules","DataflowAnomalyAnalysis"
"67","edu.utdallas.gamegenerator.controller","src/main/java/edu/utdallas/gamegenerator/controller/ManageGameElementConfigController.java","5","533","Found 'DD'-anomaly for variable 'viewName' (lines '533'-'537').","Controversial Rules","DataflowAnomalyAnalysis"
"68","edu.utdallas.gamegenerator.controller","src/main/java/edu/utdallas/gamegenerator/controller/ManageGameElementConfigController.java","5","533","Found 'DD'-anomaly for variable 'viewName' (lines '533'-'541').","Controversial Rules","DataflowAnomalyAnalysis"
"69","edu.utdallas.gamegenerator.controller","src/main/java/edu/utdallas/gamegenerator/controller/ManageGameElementConfigController.java","5","537","Found 'DD'-anomaly for variable 'viewName' (lines '537'-'541').","Controversial Rules","DataflowAnomalyAnalysis"
"70","edu.utdallas.gamegenerator.controller","src/main/java/edu/utdallas/gamegenerator/controller/ManageGameElementConfigController.java","3","547","The String literal 'Screen' appears 10 times in this file; the first occurrence is on line 547","String and StringBuffer Rules","AvoidDuplicateLiterals"
"71","edu.utdallas.gamegenerator.controller","src/main/java/edu/utdallas/gamegenerator/controller/ManageGameElementConfigController.java","5","565","Found 'DD'-anomaly for variable 'screen' (lines '565'-'568').","Controversial Rules","DataflowAnomalyAnalysis"
"72","edu.utdallas.gamegenerator.controller","src/main/java/edu/utdallas/gamegenerator/controller/ManageGameElementConfigController.java","2","586","Avoid reassigning parameters such as 'screen'","Design Rules","AvoidReassigningParameters"
"73","edu.utdallas.gamegenerator.controller","src/main/java/edu/utdallas/gamegenerator/controller/ManageGameElementConfigController.java","2","586","Avoid reassigning parameters such as 'screen'","Design Rules","AvoidReassigningParameters"
"74","edu.utdallas.gamegenerator.controller","src/main/java/edu/utdallas/gamegenerator/controller/ManageGameElementConfigController.java","3","586","The method 'getScreenForConfig' has a Cyclomatic Complexity of 12.","Code Size Rules","CyclomaticComplexity"
"75","edu.utdallas.gamegenerator.controller","src/main/java/edu/utdallas/gamegenerator/controller/ManageGameElementConfigController.java","3","600","Substitute calls to size() == 0 (or size() != 0) with calls to isEmpty()","Design Rules","UseCollectionIsEmpty"
"76","edu.utdallas.gamegenerator.controller","src/main/java/edu/utdallas/gamegenerator/controller/ManageGameElementConfigController.java","5","661","Found 'DD'-anomaly for variable 'currentGameGenInfo' (lines '661'-'662').","Controversial Rules","DataflowAnomalyAnalysis"
"77","edu.utdallas.gamegenerator.controller","src/main/java/edu/utdallas/gamegenerator/controller/ManageGameElementConfigController.java","3","675","The method 'addConfiguredScreenToGameGenInfo' has a Cyclomatic Complexity of 15.","Code Size Rules","CyclomaticComplexity"
"78","edu.utdallas.gamegenerator.controller","src/main/java/edu/utdallas/gamegenerator/controller/ManageGameElementConfigController.java","2","677","Avoid reassigning parameters such as 'currentGameGenInfo'","Design Rules","AvoidReassigningParameters"
"79","edu.utdallas.gamegenerator.controller","src/main/java/edu/utdallas/gamegenerator/controller/ManageGameElementConfigController.java","3","687","Avoid if (x != y) ..; else ..;","Design Rules","ConfusingTernary"
"80","edu.utdallas.gamegenerator.controller","src/main/java/edu/utdallas/gamegenerator/controller/ManageGameElementConfigController.java","3","690","Substitute calls to size() == 0 (or size() != 0) with calls to isEmpty()","Design Rules","UseCollectionIsEmpty"
"81","edu.utdallas.gamegenerator.controller","src/main/java/edu/utdallas/gamegenerator/controller/ManageGameElementConfigController.java","3","702","These nested if statements could be combined","Basic Rules","CollapsibleIfStatements"
"82","edu.utdallas.gamegenerator.controller","src/main/java/edu/utdallas/gamegenerator/controller/ManageGameElementConfigController.java","5","763","Found 'DD'-anomaly for variable 'screen' (lines '763'-'766').","Controversial Rules","DataflowAnomalyAnalysis"
"83","edu.utdallas.gamegenerator.controller","src/main/java/edu/utdallas/gamegenerator/controller/ManageGameElementConfigController.java","5","789","Found 'DD'-anomaly for variable 'currentGameGenInfo' (lines '789'-'790').","Controversial Rules","DataflowAnomalyAnalysis"
"84","edu.utdallas.gamegenerator.controller","src/main/java/edu/utdallas/gamegenerator/controller/ManageGameElementConfigController.java","3","833","These nested if statements could be combined","Basic Rules","CollapsibleIfStatements"
"85","edu.utdallas.gamegenerator.controller","src/main/java/edu/utdallas/gamegenerator/controller/ManageGameElementConfigController.java","3","835","Avoid variables with short names like it","Naming Rules","ShortVariable"
"86","edu.utdallas.gamegenerator.controller","src/main/java/edu/utdallas/gamegenerator/controller/ManageGameElementConfigController.java","5","869","Found 'DU'-anomaly for variable 'currentActId' (lines '869'-'895').","Controversial Rules","DataflowAnomalyAnalysis"
"87","edu.utdallas.gamegenerator.controller","src/main/java/edu/utdallas/gamegenerator/controller/ManageGameElementConfigController.java","5","993","Found 'DU'-anomaly for variable 'currentActId' (lines '993'-'1,062').","Controversial Rules","DataflowAnomalyAnalysis"
"88","edu.utdallas.gamegenerator.controller","src/main/java/edu/utdallas/gamegenerator/controller/ManageGameElementConfigController.java","5","993","Found 'DU'-anomaly for variable 'currentActId' (lines '993'-'1,062').","Controversial Rules","DataflowAnomalyAnalysis"
"89","edu.utdallas.gamegenerator.controller","src/main/java/edu/utdallas/gamegenerator/controller/ManageGameElementConfigController.java","5","994","Found 'DU'-anomaly for variable 'currentSceneId' (lines '994'-'1,062').","Controversial Rules","DataflowAnomalyAnalysis"
"90","edu.utdallas.gamegenerator.controller","src/main/java/edu/utdallas/gamegenerator/controller/ManageGameElementConfigController.java","5","994","Found 'DU'-anomaly for variable 'currentSceneId' (lines '994'-'1,062').","Controversial Rules","DataflowAnomalyAnalysis"
"91","edu.utdallas.gamegenerator.controller","src/main/java/edu/utdallas/gamegenerator/controller/ManageGameElementConfigController.java","5","995","Found 'DD'-anomaly for variable 'resetScreen' (lines '995'-'1,022').","Controversial Rules","DataflowAnomalyAnalysis"
"92","edu.utdallas.gamegenerator.controller","src/main/java/edu/utdallas/gamegenerator/controller/ManageGameElementConfigController.java","5","995","Found 'DD'-anomaly for variable 'resetScreen' (lines '995'-'1,022').","Controversial Rules","DataflowAnomalyAnalysis"
"93","edu.utdallas.gamegenerator.controller","src/main/java/edu/utdallas/gamegenerator/controller/ManageGameElementConfigController.java","5","995","Found 'DU'-anomaly for variable 'resetScreen' (lines '995'-'1,062').","Controversial Rules","DataflowAnomalyAnalysis"
"94","edu.utdallas.gamegenerator.controller","src/main/java/edu/utdallas/gamegenerator/controller/ManageGameElementConfigController.java","5","995","Found 'DU'-anomaly for variable 'resetScreen' (lines '995'-'1,062').","Controversial Rules","DataflowAnomalyAnalysis"
"95","edu.utdallas.gamegenerator.controller","src/main/java/edu/utdallas/gamegenerator/controller/ManageGameElementConfigController.java","3","1034","Avoid variables with short names like s1","Naming Rules","ShortVariable"
"96","edu.utdallas.gamegenerator.controller","src/main/java/edu/utdallas/gamegenerator/controller/ManageGameElementConfigController.java","3","1034","Avoid variables with short names like s2","Naming Rules","ShortVariable"
"97","edu.utdallas.gamegenerator.controller","src/main/java/edu/utdallas/gamegenerator/controller/ManageGameElementConfigController.java","5","1079","Found 'DD'-anomaly for variable 'currentGameGenInfo' (lines '1,079'-'1,080').","Controversial Rules","DataflowAnomalyAnalysis"
"98","edu.utdallas.gamegenerator.controller","src/main/java/edu/utdallas/gamegenerator/controller/ManageGameElementConfigController.java","3","1092","Avoid unused method parameters such as 'screenType'.","Unused Code Rules","UnusedFormalParameter"
"99","edu.utdallas.gamegenerator.controller","src/main/java/edu/utdallas/gamegenerator/controller/ManageGameElementConfigController.java","3","1103","Avoid if (x != y) ..; else ..;","Design Rules","ConfusingTernary"
"100","edu.utdallas.gamegenerator.controller","src/main/java/edu/utdallas/gamegenerator/controller/ManageUserProfileController.java","3","38","Avoid excessively long variable names like manageGameGeneratorService","Naming Rules","LongVariable"
"101","edu.utdallas.gamegenerator.controller","src/main/java/edu/utdallas/gamegenerator/controller/ManageUserProfileController.java","3","52","Parameter 'model' is not assigned and could be declared final","Optimization Rules","MethodArgumentCouldBeFinal"
"102","edu.utdallas.gamegenerator.controller","src/main/java/edu/utdallas/gamegenerator/controller/ManageUserProfileController.java","3","52","Parameter 'request' is not assigned and could be declared final","Optimization Rules","MethodArgumentCouldBeFinal"
"103","edu.utdallas.gamegenerator.controller","src/main/java/edu/utdallas/gamegenerator/controller/ManageUserProfileController.java","3","52","Parameter 'session' is not assigned and could be declared final","Optimization Rules","MethodArgumentCouldBeFinal"
"104","edu.utdallas.gamegenerator.controller","src/main/java/edu/utdallas/gamegenerator/controller/ManageUserProfileController.java","3","52","Parameter 'session1' is not assigned and could be declared final","Optimization Rules","MethodArgumentCouldBeFinal"
"105","edu.utdallas.gamegenerator.controller","src/main/java/edu/utdallas/gamegenerator/controller/ManageUserProfileController.java","3","69","Parameter 'model' is not assigned and could be declared final","Optimization Rules","MethodArgumentCouldBeFinal"
"106","edu.utdallas.gamegenerator.controller","src/main/java/edu/utdallas/gamegenerator/controller/ManageUserProfileController.java","3","87","Avoid excessively long variable names like currentGameGenInfo","Naming Rules","LongVariable"
"107","edu.utdallas.gamegenerator.controller","src/main/java/edu/utdallas/gamegenerator/controller/ManageUserProfileController.java","3","88","The String literal 'userProfileConfiguration' appears 5 times in this file; the first occurrence is on line 88","String and StringBuffer Rules","AvoidDuplicateLiterals"
"108","edu.utdallas.gamegenerator.controller","src/main/java/edu/utdallas/gamegenerator/controller/ManageUserProfileController.java","3","128","Substitute calls to size() == 0 (or size() != 0) with calls to isEmpty()","Design Rules","UseCollectionIsEmpty"
"109","edu.utdallas.gamegenerator.controller","src/main/java/edu/utdallas/gamegenerator/controller/ManageUserProfileController.java","3","149","The String literal 'selectedPlayerCharacters' appears 4 times in this file; the first occurrence is on line 149","String and StringBuffer Rules","AvoidDuplicateLiterals"
"110","edu.utdallas.gamegenerator.controller","src/main/java/edu/utdallas/gamegenerator/controller/ManageUserProfileController.java","3","150","Avoid excessively long variable names like strSelectedProfiles","Naming Rules","LongVariable"
"111","edu.utdallas.gamegenerator.controller","src/main/java/edu/utdallas/gamegenerator/controller/ManageUserProfileController.java","3","150","Local variable 'strSelectedProfiles' could be declared final","Optimization Rules","LocalVariableCouldBeFinal"
"112","edu.utdallas.gamegenerator.controller","src/main/java/edu/utdallas/gamegenerator/controller/ManageUserProfileController.java","3","153","Local variable 'selProfiles' could be declared final","Optimization Rules","LocalVariableCouldBeFinal"
"113","edu.utdallas.gamegenerator.controller","src/main/java/edu/utdallas/gamegenerator/controller/ManageUserProfileController.java","3","154","Avoid excessively long variable names like existingPlayerCharacter","Naming Rules","LongVariable"
"114","edu.utdallas.gamegenerator.controller","src/main/java/edu/utdallas/gamegenerator/controller/ManageUserProfileController.java","5","154","Found 'DD'-anomaly for variable 'existingPlayerCharacter' (lines '154'-'157').","Controversial Rules","DataflowAnomalyAnalysis"
"115","edu.utdallas.gamegenerator.controller","src/main/java/edu/utdallas/gamegenerator/controller/ManageUserProfileController.java","5","154","Found 'DU'-anomaly for variable 'existingPlayerCharacter' (lines '154'-'165').","Controversial Rules","DataflowAnomalyAnalysis"
"116","edu.utdallas.gamegenerator.controller","src/main/java/edu/utdallas/gamegenerator/controller/ManageUserProfileController.java","3","182","Local variable 'selPlayersList' could be declared final","Optimization Rules","LocalVariableCouldBeFinal"
"117","edu.utdallas.gamegenerator.controller","src/main/java/edu/utdallas/gamegenerator/controller/ManageUserProfileController.java","3","191","Local variable 'userProfileConfig' could be declared final","Optimization Rules","LocalVariableCouldBeFinal"
"118","edu.utdallas.gamegenerator.controller","src/main/java/edu/utdallas/gamegenerator/controller/ManageUserProfileController.java","3","233","Avoid excessively long variable names like userProfileConfiguration","Naming Rules","LongVariable"
"119","edu.utdallas.gamegenerator.controller","src/main/java/edu/utdallas/gamegenerator/controller/ManageUserProfileController.java","3","263","Local variable 'userProfileConfig' could be declared final","Optimization Rules","LocalVariableCouldBeFinal"
"120","edu.utdallas.gamegenerator.controller","src/main/java/edu/utdallas/gamegenerator/controller/ManageUserProfileController.java","5","295","Found 'DD'-anomaly for variable 'parentFolderName' (lines '295'-'304').","Controversial Rules","DataflowAnomalyAnalysis"
"121","edu.utdallas.gamegenerator.controller","src/main/java/edu/utdallas/gamegenerator/controller/ManageUserProfileController.java","5","295","Found 'DU'-anomaly for variable 'parentFolderName' (lines '295'-'320').","Controversial Rules","DataflowAnomalyAnalysis"
"122","edu.utdallas.gamegenerator.controller","src/main/java/edu/utdallas/gamegenerator/controller/ManageUserProfileController.java","3","315","An operation on an Immutable object (String, BigDecimal or BigInteger) won't change the object itself","Basic Rules","UselessOperationOnImmutable"
"123","edu.utdallas.gamegenerator.model","src/main/java/edu/utdallas/gamegenerator/model/Act.java","3","16","Document empty constructor","Design Rules","UncommentedEmptyConstructor"
"124","edu.utdallas.gamegenerator.model","src/main/java/edu/utdallas/gamegenerator/model/Act.java","3","21","Parameter 'actId' is not assigned and could be declared final","Optimization Rules","MethodArgumentCouldBeFinal"
"125","edu.utdallas.gamegenerator.model","src/main/java/edu/utdallas/gamegenerator/model/Act.java","3","26","Parameter 'actId' is not assigned and could be declared final","Optimization Rules","MethodArgumentCouldBeFinal"
"126","edu.utdallas.gamegenerator.model","src/main/java/edu/utdallas/gamegenerator/model/Act.java","3","26","Parameter 'actTitle' is not assigned and could be declared final","Optimization Rules","MethodArgumentCouldBeFinal"
"127","edu.utdallas.gamegenerator.model","src/main/java/edu/utdallas/gamegenerator/model/Act.java","3","40","Parameter 'actTitle' is not assigned and could be declared final","Optimization Rules","MethodArgumentCouldBeFinal"
"128","edu.utdallas.gamegenerator.model","src/main/java/edu/utdallas/gamegenerator/model/Act.java","3","53","Parameter 'sceneList' is not assigned and could be declared final","Optimization Rules","MethodArgumentCouldBeFinal"
"129","edu.utdallas.gamegenerator.model","src/main/java/edu/utdallas/gamegenerator/model/FixedTimeTransistion.java","3","20","Parameter 'unitTime' is not assigned and could be declared final","Optimization Rules","MethodArgumentCouldBeFinal"
"130","edu.utdallas.gamegenerator.model","src/main/java/edu/utdallas/gamegenerator/model/FixedTimeTransistion.java","3","33","Parameter 'type' is not assigned and could be declared final","Optimization Rules","MethodArgumentCouldBeFinal"
"131","edu.utdallas.gamegenerator.model","src/main/java/edu/utdallas/gamegenerator/model/GameGeneratorInfo.java","3","17","Avoid excessively long variable names like userProfileConfiguration","Naming Rules","LongVariable"
"132","edu.utdallas.gamegenerator.model","src/main/java/edu/utdallas/gamegenerator/model/GameGeneratorInfo.java","3","37","Avoid excessively long variable names like userProfileConfiguration","Naming Rules","LongVariable"
"133","edu.utdallas.gamegenerator.model","src/main/java/edu/utdallas/gamegenerator/model/GameGeneratorInfo.java","3","37","Parameter 'userProfileConfiguration' is not assigned and could be declared final","Optimization Rules","MethodArgumentCouldBeFinal"
"134","edu.utdallas.gamegenerator.model","src/main/java/edu/utdallas/gamegenerator/model/GameGeneratorInfo.java","3","52","Parameter 'actList' is not assigned and could be declared final","Optimization Rules","MethodArgumentCouldBeFinal"
"135","edu.utdallas.gamegenerator.model","src/main/java/edu/utdallas/gamegenerator/model/GameGeneratorInfo.java","3","66","Parameter 'noOfActs' is not assigned and could be declared final","Optimization Rules","MethodArgumentCouldBeFinal"
"136","edu.utdallas.gamegenerator.model","src/main/java/edu/utdallas/gamegenerator/model/GameGeneratorInfo.java","3","80","Parameter 'selElement' is not assigned and could be declared final","Optimization Rules","MethodArgumentCouldBeFinal"
"137","edu.utdallas.gamegenerator.model","src/main/java/edu/utdallas/gamegenerator/model/Prop.java","3","29","Parameter 'typeName' is not assigned and could be declared final","Optimization Rules","MethodArgumentCouldBeFinal"
"138","edu.utdallas.gamegenerator.model","src/main/java/edu/utdallas/gamegenerator/model/Prop.java","3","42","Parameter 'name' is not assigned and could be declared final","Optimization Rules","MethodArgumentCouldBeFinal"
"139","edu.utdallas.gamegenerator.model","src/main/java/edu/utdallas/gamegenerator/model/Prop.java","3","55","Parameter 'location' is not assigned and could be declared final","Optimization Rules","MethodArgumentCouldBeFinal"
"140","edu.utdallas.gamegenerator.model","src/main/java/edu/utdallas/gamegenerator/model/Prop.java","3","68","Parameter 'size' is not assigned and could be declared final","Optimization Rules","MethodArgumentCouldBeFinal"
"141","edu.utdallas.gamegenerator.model","src/main/java/edu/utdallas/gamegenerator/model/Prop.java","3","81","Parameter 'tdName' is not assigned and could be declared final","Optimization Rules","MethodArgumentCouldBeFinal"
"142","edu.utdallas.gamegenerator.model","src/main/java/edu/utdallas/gamegenerator/model/QuestionInfo.java","3","22","Parameter 'questionId' is not assigned and could be declared final","Optimization Rules","MethodArgumentCouldBeFinal"
"143","edu.utdallas.gamegenerator.model","src/main/java/edu/utdallas/gamegenerator/model/QuestionInfo.java","3","40","Parameter 'subjectName' is not assigned and could be declared final","Optimization Rules","MethodArgumentCouldBeFinal"
"144","edu.utdallas.gamegenerator.model","src/main/java/edu/utdallas/gamegenerator/model/QuestionInfo.java","3","53","Parameter 'grade' is not assigned and could be declared final","Optimization Rules","MethodArgumentCouldBeFinal"
"145","edu.utdallas.gamegenerator.model","src/main/java/edu/utdallas/gamegenerator/model/QuestionInfo.java","3","66","Parameter 'statement' is not assigned and could be declared final","Optimization Rules","MethodArgumentCouldBeFinal"
"146","edu.utdallas.gamegenerator.model","src/main/java/edu/utdallas/gamegenerator/model/QuestionInfo.java","3","78","Parameter 'noOfImages' is not assigned and could be declared final","Optimization Rules","MethodArgumentCouldBeFinal"
"147","edu.utdallas.gamegenerator.model","src/main/java/edu/utdallas/gamegenerator/model/Scene.java","3","18","Parameter 'sceneId' is not assigned and could be declared final","Optimization Rules","MethodArgumentCouldBeFinal"
"148","edu.utdallas.gamegenerator.model","src/main/java/edu/utdallas/gamegenerator/model/Scene.java","3","18","Parameter 'sceneName' is not assigned and could be declared final","Optimization Rules","MethodArgumentCouldBeFinal"
"149","edu.utdallas.gamegenerator.model","src/main/java/edu/utdallas/gamegenerator/model/Scene.java","3","23","Document empty constructor","Design Rules","UncommentedEmptyConstructor"
"150","edu.utdallas.gamegenerator.model","src/main/java/edu/utdallas/gamegenerator/model/Scene.java","3","35","Parameter 'backdrop' is not assigned and could be declared final","Optimization Rules","MethodArgumentCouldBeFinal"
"151","edu.utdallas.gamegenerator.model","src/main/java/edu/utdallas/gamegenerator/model/Scene.java","3","48","Parameter 'screenList' is not assigned and could be declared final","Optimization Rules","MethodArgumentCouldBeFinal"
"152","edu.utdallas.gamegenerator.model","src/main/java/edu/utdallas/gamegenerator/model/Scene.java","3","62","Parameter 'sceneId' is not assigned and could be declared final","Optimization Rules","MethodArgumentCouldBeFinal"
"153","edu.utdallas.gamegenerator.model","src/main/java/edu/utdallas/gamegenerator/model/Screen.java","3","9","Too many fields","Code Size Rules","TooManyFields"
"154","edu.utdallas.gamegenerator.model","src/main/java/edu/utdallas/gamegenerator/model/Screen.java","3","19","Avoid excessively long variable names like fixedTimeTransistion","Naming Rules","LongVariable"
"155","edu.utdallas.gamegenerator.model","src/main/java/edu/utdallas/gamegenerator/model/Screen.java","3","20","Avoid excessively long variable names like userControlledTransistion","Naming Rules","LongVariable"
"156","edu.utdallas.gamegenerator.model","src/main/java/edu/utdallas/gamegenerator/model/Screen.java","3","22","Avoid excessively long variable names like nonPlayingCharList","Naming Rules","LongVariable"
"157","edu.utdallas.gamegenerator.model","src/main/java/edu/utdallas/gamegenerator/model/Screen.java","3","29","Found non-transient, non-static member. Please mark as transient or provide accessors.","JavaBean Rules","BeanMembersShouldSerialize"
"158","edu.utdallas.gamegenerator.model","src/main/java/edu/utdallas/gamegenerator/model/Screen.java","3","29","It is somewhat confusing to have a field name with the same name as a method","Naming Rules","AvoidFieldNameMatchingMethodName"
"159","edu.utdallas.gamegenerator.model","src/main/java/edu/utdallas/gamegenerator/model/Screen.java","3","31","Document empty constructor","Design Rules","UncommentedEmptyConstructor"
"160","edu.utdallas.gamegenerator.model","src/main/java/edu/utdallas/gamegenerator/model/Screen.java","3","36","Parameter 'screenId' is not assigned and could be declared final","Optimization Rules","MethodArgumentCouldBeFinal"
"161","edu.utdallas.gamegenerator.model","src/main/java/edu/utdallas/gamegenerator/model/Screen.java","3","36","Parameter 'screenName' is not assigned and could be declared final","Optimization Rules","MethodArgumentCouldBeFinal"
"162","edu.utdallas.gamegenerator.model","src/main/java/edu/utdallas/gamegenerator/model/Screen.java","3","50","Parameter 'screenName' is not assigned and could be declared final","Optimization Rules","MethodArgumentCouldBeFinal"
"163","edu.utdallas.gamegenerator.model","src/main/java/edu/utdallas/gamegenerator/model/Screen.java","3","65","Parameter 'screenId' is not assigned and could be declared final","Optimization Rules","MethodArgumentCouldBeFinal"
"164","edu.utdallas.gamegenerator.model","src/main/java/edu/utdallas/gamegenerator/model/Screen.java","3","78","Parameter 'screenType' is not assigned and could be declared final","Optimization Rules","MethodArgumentCouldBeFinal"
"165","edu.utdallas.gamegenerator.model","src/main/java/edu/utdallas/gamegenerator/model/Screen.java","3","168","Avoid excessively long variable names like userControlledTransistion","Naming Rules","LongVariable"
"166","edu.utdallas.gamegenerator.model","src/main/java/edu/utdallas/gamegenerator/model/Screen.java","3","185","Avoid excessively long variable names like fixedTimeTransistion","Naming Rules","LongVariable"
"167","edu.utdallas.gamegenerator.model","src/main/java/edu/utdallas/gamegenerator/model/ScreenTransistion.java","3","22","Parameter 'animationType' is not assigned and could be declared final","Optimization Rules","MethodArgumentCouldBeFinal"
"168","edu.utdallas.gamegenerator.model","src/main/java/edu/utdallas/gamegenerator/model/ScreenTransistion.java","3","36","Parameter 'transistionTime' is not assigned and could be declared final","Optimization Rules","MethodArgumentCouldBeFinal"
"169","edu.utdallas.gamegenerator.model","src/main/java/edu/utdallas/gamegenerator/model/UserControlledTransistion.java","3","21","Parameter 'eventType' is not assigned and could be declared final","Optimization Rules","MethodArgumentCouldBeFinal"
"170","edu.utdallas.gamegenerator.model","src/main/java/edu/utdallas/gamegenerator/model/UserProfileConfiguration.java","3","24","Avoid excessively long variable names like languagePreference","Naming Rules","LongVariable"
"171","edu.utdallas.gamegenerator.model","src/main/java/edu/utdallas/gamegenerator/model/UserProfileConfiguration.java","3","25","Avoid excessively long variable names like existingPlayerCharacter","Naming Rules","LongVariable"
"172","edu.utdallas.gamegenerator.model","src/main/java/edu/utdallas/gamegenerator/model/UserProfileConfiguration.java","3","38","Parameter 'name' is not assigned and could be declared final","Optimization Rules","MethodArgumentCouldBeFinal"
"173","edu.utdallas.gamegenerator.model","src/main/java/edu/utdallas/gamegenerator/model/UserProfileConfiguration.java","3","51","Parameter 'fullName' is not assigned and could be declared final","Optimization Rules","MethodArgumentCouldBeFinal"
"174","edu.utdallas.gamegenerator.model","src/main/java/edu/utdallas/gamegenerator/model/UserProfileConfiguration.java","3","64","Parameter 'nickName' is not assigned and could be declared final","Optimization Rules","MethodArgumentCouldBeFinal"
"175","edu.utdallas.gamegenerator.model","src/main/java/edu/utdallas/gamegenerator/model/UserProfileConfiguration.java","3","77","Parameter 'profilePicture' is not assigned and could be declared final","Optimization Rules","MethodArgumentCouldBeFinal"
"176","edu.utdallas.gamegenerator.model","src/main/java/edu/utdallas/gamegenerator/model/UserProfileConfiguration.java","3","90","Parameter 'age' is not assigned and could be declared final","Optimization Rules","MethodArgumentCouldBeFinal"
"177","edu.utdallas.gamegenerator.model","src/main/java/edu/utdallas/gamegenerator/model/UserProfileConfiguration.java","3","116","Avoid excessively long variable names like languagePreference","Naming Rules","LongVariable"
"178","edu.utdallas.gamegenerator.model","src/main/java/edu/utdallas/gamegenerator/model/UserProfileConfiguration.java","3","129","Avoid excessively long variable names like existingPlayerCharacter","Naming Rules","LongVariable"
