<Challenge>
    <LessonChallenges>
      <LessonChallenge>
        <Buttons>
        </Buttons>
  <ChallengeOptions>
	<ChallengeOption>
            <ChallengeOptionType>BUTTON</ChallengeOptionType>
	  <ButtonLocationType>CHALLENGE_1</ButtonLocationType>
            <Reward>
              <Points>-2147483646</Points>
            </Reward>
	  <Text>decided to join forces with Germany and the Central Powers  </Text>
	  <Timer></Timer>
	  <TransitionType>ADDITIONAL</TransitionType>
	  <AdditionalScreens>
		<AdditionalScreen xmlns:xsi="http://www.w3.org/2001/XMLSchema-instance" xsi:type="learningObjectiveFailure">
		  <Buttons>
			<Button>
			  <ButtonLocationType>NEXT</ButtonLocationType>
			  <Text>Retry</Text>
			  <Timer></Timer>
			  <TransitionType>CURRENT_CHALLENGE</TransitionType>
			</Button>
		  </Buttons>
		  <Characters>
			<Character>
			  <CharacterType>VILLIAN</CharacterType>
			  <Timer></Timer>
			</Character>
			<Character>
			  <CharacterType>HERO</CharacterType>
			  <Timer></Timer>
			</Character>
		  </Characters>
		  <InformationBoxes>
			<InformationBox>
			  <Text>You answered incorrectly!</Text>
			  <TextType>ALT1</TextType>
			  <Timer></Timer>
			</InformationBox>
			<InformationBox>
			  <Text>Don't worry! You can try again.</Text>
			  <TextType>HERO</TextType>
			  <Timer></Timer>
			</InformationBox>
		  </InformationBoxes>
		  <ChallengeOptions />
		  <Timer></Timer>
		</AdditionalScreen>
	  </AdditionalScreens>
	  <ChallengeOptionType>BUTTON</ChallengeOptionType>
	</ChallengeOption>
          <ChallengeOption>
            <ChallengeOptionType>BUTTON</ChallengeOptionType>
            <ButtonLocationType>CHALLENGE_2</ButtonLocationType>
            <Reward>
              <Points>-2147483646</Points>
            </Reward>
            <Text>needed to concentrate its troops and resources on its war with Turkey  </Text>
            <Timer></Timer>
            <TransitionType>BEGINNING_OF_CHALLENGE</TransitionType>
          </ChallengeOption>
          <ChallengeOption>
            <ChallengeOptionType>BUTTON</ChallengeOptionType>
            <ButtonLocationType>CHALLENGE_3</ButtonLocationType>
            <Reward>
              <Points>2</Points>
            </Reward>
            <Text>wanted to retain power and avoid German occupation  </Text>
            <Timer></Timer>
            <TransitionType>END_OF_STORY</TransitionType>
          </ChallengeOption>
          <ChallengeOption>
            <ChallengeOptionType>BUTTON</ChallengeOptionType>
            <ButtonLocationType>CHALLENGE_4</ButtonLocationType>
            <Reward>
              <Points>-2147483646</Points>
            </Reward>
            <Text>needed to control the Baltic Sea and wanted a warm water port	</Text>
            <Timer></Timer>
            <TransitionType>BEGINNING_OF_LESSON</TransitionType>
          </ChallengeOption>
  </ChallengeOptions>
        <Characters>
          <Character>
            <CharacterType>HERO</CharacterType>
            <MovementType></MovementType>
            <Timer></Timer>
          </Character>
        </Characters>
        <InformationBoxes>
          <InformationBox>
            <Text>You can do it!!</Text>
            <TextType>HERO</TextType>
            <Timer></Timer>
          </InformationBox>
          <InformationBox>
            <Text>Using Answer:</Text>
            <TextType>CHALLENGE_QUESTION</TextType>
            <Timer></Timer>
          </InformationBox>
          <InformationBox>
            <Text>In 1917, Bolshevik leaders in Russia sought peace with Germany because the new Russian government? </Text>
            <TextType>CHALLENGE_DESCRIPTION</TextType>
            <Timer></Timer>
          </InformationBox>
        </InformationBoxes>
        <Timer>60</Timer>
      </LessonChallenge>
<LessonChallenge>
        <Buttons>
        </Buttons>
  <ChallengeOptions>
	<ChallengeOption>
            <ChallengeOptionType>BUTTON</ChallengeOptionType>
	  <ButtonLocationType>CHALLENGE_1</ButtonLocationType>
            <Reward>
              <Points>-2147483646</Points>
            </Reward>
	  <Text> great ethnic diversity found in the region  </Text>
	  <Timer></Timer>
	  <TransitionType>ADDITIONAL</TransitionType>
	  <AdditionalScreens>
		<AdditionalScreen xmlns:xsi="http://www.w3.org/2001/XMLSchema-instance" xsi:type="learningObjectiveFailure">
		  <Buttons>
			<Button>
			  <ButtonLocationType>NEXT</ButtonLocationType>
			  <Text>Retry</Text>
			  <Timer></Timer>
			  <TransitionType>CURRENT_CHALLENGE</TransitionType>
			</Button>
		  </Buttons>
		  <Characters>
			<Character>
			  <CharacterType>VILLIAN</CharacterType>
			  <Timer></Timer>
			</Character>
			<Character>
			  <CharacterType>HERO</CharacterType>
			  <Timer></Timer>
			</Character>
		  </Characters>
		  <InformationBoxes>
			<InformationBox>
			  <Text>You answered incorrectly!</Text>
			  <TextType>ALT1</TextType>
			  <Timer></Timer>
			</InformationBox>
			<InformationBox>
			  <Text>Don't worry! You can try again.</Text>
			  <TextType>HERO</TextType>
			  <Timer></Timer>
			</InformationBox>
		  </InformationBoxes>
		  <ChallengeOptions />
		  <Timer></Timer>
		</AdditionalScreen>
	  </AdditionalScreens>
	  <ChallengeOptionType>BUTTON</ChallengeOptionType>
	</ChallengeOption>
          <ChallengeOption>
            <ChallengeOptionType>BUTTON</ChallengeOptionType>
            <ButtonLocationType>CHALLENGE_2</ButtonLocationType>
            <Reward>
              <Points>-2147483646</Points>
            </Reward>
            <Text>economic dependence of Eastern Europe on Japan  </Text>
            <Timer></Timer>
            <TransitionType>BEGINNING_OF_CHALLENGE</TransitionType>
          </ChallengeOption>
          <ChallengeOption>
            <ChallengeOptionType>BUTTON</ChallengeOptionType>
            <ButtonLocationType>CHALLENGE_3</ButtonLocationType>
            <Reward>
              <Points>2</Points>
            </Reward>
            <Text>acceptance of democratic traditions by most Eastern Europeans  </Text>
            <Timer></Timer>
            <TransitionType>END_OF_STORY</TransitionType>
          </ChallengeOption>
          <ChallengeOption>
            <ChallengeOptionType>BUTTON</ChallengeOptionType>
            <ButtonLocationType>CHALLENGE_4</ButtonLocationType>
            <Reward>
              <Points>-2147483646</Points>
            </Reward>
            <Text>expansion of United States influence in the region	</Text>
            <Timer></Timer>
            <TransitionType>BEGINNING_OF_LESSON</TransitionType>
          </ChallengeOption>
  </ChallengeOptions>
        <Characters>
          <Character>
            <CharacterType>HERO</CharacterType>
            <MovementType></MovementType>
            <Timer></Timer>
          </Character>
        </Characters>
        <InformationBoxes>
          <InformationBox>
            <Text>You can do it!!</Text>
            <TextType>HERO</TextType>
            <Timer></Timer>
          </InformationBox>
          <InformationBox>
            <Text>Using Answer:</Text>
            <TextType>CHALLENGE_QUESTION</TextType>
            <Timer></Timer>
          </InformationBox>
          <InformationBox>
            <Text>Eastern Europe after World War I, the greatest obstacle to national unity in many nation-states was the ? </Text>
            <TextType>CHALLENGE_DESCRIPTION</TextType>
            <Timer></Timer>
          </InformationBox>
        </InformationBoxes>
        <Timer>60</Timer>
      </LessonChallenge>
<LessonChallenge>
        <Buttons>
        </Buttons>
  <ChallengeOptions>
	<ChallengeOption>
            <ChallengeOptionType>BUTTON</ChallengeOptionType>
	  <ButtonLocationType>CHALLENGE_1</ButtonLocationType>
            <Reward>
              <Points>-2147483646</Points>
            </Reward>
	  <Text>World War I created conditions within Russia that helped trigger a revolution  </Text>
	  <Timer></Timer>
	  <TransitionType>ADDITIONAL</TransitionType>
	  <AdditionalScreens>
		<AdditionalScreen xmlns:xsi="http://www.w3.org/2001/XMLSchema-instance" xsi:type="learningObjectiveFailure">
		  <Buttons>
			<Button>
			  <ButtonLocationType>NEXT</ButtonLocationType>
			  <Text>Retry</Text>
			  <Timer></Timer>
			  <TransitionType>CURRENT_CHALLENGE</TransitionType>
			</Button>
		  </Buttons>
		  <Characters>
			<Character>
			  <CharacterType>VILLIAN</CharacterType>
			  <Timer></Timer>
			</Character>
			<Character>
			  <CharacterType>HERO</CharacterType>
			  <Timer></Timer>
			</Character>
		  </Characters>
		  <InformationBoxes>
			<InformationBox>
			  <Text>You answered incorrectly!</Text>
			  <TextType>ALT1</TextType>
			  <Timer></Timer>
			</InformationBox>
			<InformationBox>
			  <Text>Don't worry! You can try again.</Text>
			  <TextType>HERO</TextType>
			  <Timer></Timer>
			</InformationBox>
		  </InformationBoxes>
		  <ChallengeOptions />
		  <Timer></Timer>
		</AdditionalScreen>
	  </AdditionalScreens>
	  <ChallengeOptionType>BUTTON</ChallengeOptionType>
	</ChallengeOption>
          <ChallengeOption>
            <ChallengeOptionType>BUTTON</ChallengeOptionType>
            <ButtonLocationType>CHALLENGE_2</ButtonLocationType>
            <Reward>
              <Points>-2147483646</Points>
            </Reward>
            <Text>World War I postponed the Russian Revolution by restoring confidence in the Czar  </Text>
            <Timer></Timer>
            <TransitionType>BEGINNING_OF_CHALLENGE</TransitionType>
          </ChallengeOption>
          <ChallengeOption>
            <ChallengeOptionType>BUTTON</ChallengeOptionType>
            <ButtonLocationType>CHALLENGE_3</ButtonLocationType>
            <Reward>
              <Points>2</Points>
            </Reward>
            <Text>the Russian Revolution inspired the Russian people to win World War I  </Text>
            <Timer></Timer>
            <TransitionType>END_OF_STORY</TransitionType>
          </ChallengeOption>
          <ChallengeOption>
            <ChallengeOptionType>BUTTON</ChallengeOptionType>
            <ButtonLocationType>CHALLENGE_4</ButtonLocationType>
            <Reward>
              <Points>-2147483646</Points>
            </Reward>
            <Text>World War I gave the Czar’s army the needed experience to suppress the Russian Revolution</Text>
            <Timer></Timer>
            <TransitionType>BEGINNING_OF_LESSON</TransitionType>
          </ChallengeOption>
  </ChallengeOptions>
        <Characters>
          <Character>
            <CharacterType>HERO</CharacterType>
            <MovementType></MovementType>
            <Timer></Timer>
          </Character>
        </Characters>
        <InformationBoxes>
          <InformationBox>
            <Text>You can do it!!</Text>
            <TextType>HERO</TextType>
            <Timer></Timer>
          </InformationBox>
          <InformationBox>
            <Text>Using Answer:</Text>
            <TextType>CHALLENGE_QUESTION</TextType>
            <Timer></Timer>
          </InformationBox>
          <InformationBox>
            <Text>Which statement best describes the relationship between World War I and the Russian Revolution ? </Text>
            <TextType>CHALLENGE_DESCRIPTION</TextType>
            <Timer></Timer>
          </InformationBox>
        </InformationBoxes>
        <Timer>60</Timer>
      </LessonChallenge>
<LessonChallenge>
        <Buttons>
        </Buttons>
  <ChallengeOptions>
	<ChallengeOption>
            <ChallengeOptionType>BUTTON</ChallengeOptionType>
	  <ButtonLocationType>CHALLENGE_1</ButtonLocationType>
            <Reward>
              <Points>-2147483646</Points>
            </Reward>
	  <Text>a decline in the policy of imperialism   </Text>
	  <Timer></Timer>
	  <TransitionType>ADDITIONAL</TransitionType>
	  <AdditionalScreens>
		<AdditionalScreen xmlns:xsi="http://www.w3.org/2001/XMLSchema-instance" xsi:type="learningObjectiveFailure">
		  <Buttons>
			<Button>
			  <ButtonLocationType>NEXT</ButtonLocationType>
			  <Text>Retry</Text>
			  <Timer></Timer>
			  <TransitionType>CURRENT_CHALLENGE</TransitionType>
			</Button>
		  </Buttons>
		  <Characters>
			<Character>
			  <CharacterType>VILLIAN</CharacterType>
			  <Timer></Timer>
			</Character>
			<Character>
			  <CharacterType>HERO</CharacterType>
			  <Timer></Timer>
			</Character>
		  </Characters>
		  <InformationBoxes>
			<InformationBox>
			  <Text>You answered incorrectly!</Text>
			  <TextType>ALT1</TextType>
			  <Timer></Timer>
			</InformationBox>
			<InformationBox>
			  <Text>Don't worry! You can try again.</Text>
			  <TextType>HERO</TextType>
			  <Timer></Timer>
			</InformationBox>
		  </InformationBoxes>
		  <ChallengeOptions />
		  <Timer></Timer>
		</AdditionalScreen>
	  </AdditionalScreens>
	  <ChallengeOptionType>BUTTON</ChallengeOptionType>
	</ChallengeOption>
          <ChallengeOption>
            <ChallengeOptionType>BUTTON</ChallengeOptionType>
            <ButtonLocationType>CHALLENGE_2</ButtonLocationType>
            <Reward>
              <Points>-2147483646</Points>
            </Reward>
            <Text>the existence of opposing alliances  </Text>
            <Timer></Timer>
            <TransitionType>BEGINNING_OF_CHALLENGE</TransitionType>
          </ChallengeOption>
          <ChallengeOption>
            <ChallengeOptionType>BUTTON</ChallengeOptionType>
            <ButtonLocationType>CHALLENGE_3</ButtonLocationType>
            <Reward>
              <Points>2</Points>
            </Reward>
            <Text> an increase in acts of aggression by England  </Text>
            <Timer></Timer>
            <TransitionType>END_OF_STORY</TransitionType>
          </ChallengeOption>
          <ChallengeOption>
            <ChallengeOptionType>BUTTON</ChallengeOptionType>
            <ButtonLocationType>CHALLENGE_4</ButtonLocationType>
            <Reward>
              <Points>-2147483646</Points>
            </Reward>
            <Text>the the spread of communism throughout Europe	</Text>
            <Timer></Timer>
            <TransitionType>BEGINNING_OF_LESSON</TransitionType>
          </ChallengeOption>
  </ChallengeOptions>
        <Characters>
          <Character>
            <CharacterType>HERO</CharacterType>
            <MovementType></MovementType>
            <Timer></Timer>
          </Character>
        </Characters>
        <InformationBoxes>
          <InformationBox>
            <Text>You can do it!!</Text>
            <TextType>HERO</TextType>
            <Timer></Timer>
          </InformationBox>
          <InformationBox>
            <Text>Using Answer:</Text>
            <TextType>CHALLENGE_QUESTION</TextType>
            <Timer></Timer>
          </InformationBox>
          <InformationBox>
            <Text>A major cause of World War I was ? </Text>
            <TextType>CHALLENGE_DESCRIPTION</TextType>
            <Timer></Timer>
          </InformationBox>
        </InformationBoxes>
        <Timer>60</Timer>
      </LessonChallenge>
<LessonChallenge>
        <Buttons>
        </Buttons>
  <ChallengeOptions>
	<ChallengeOption>
            <ChallengeOptionType>BUTTON</ChallengeOptionType>
	  <ButtonLocationType>CHALLENGE_1</ButtonLocationType>
            <Reward>
              <Points>-2147483646</Points>
            </Reward>
	  <Text>The aggression of the Ottoman Empire was disrupting the balance of power.  </Text>
	  <Timer></Timer>
	  <TransitionType>ADDITIONAL</TransitionType>
	  <AdditionalScreens>
		<AdditionalScreen xmlns:xsi="http://www.w3.org/2001/XMLSchema-instance" xsi:type="learningObjectiveFailure">
		  <Buttons>
			<Button>
			  <ButtonLocationType>NEXT</ButtonLocationType>
			  <Text>Retry</Text>
			  <Timer></Timer>
			  <TransitionType>CURRENT_CHALLENGE</TransitionType>
			</Button>
		  </Buttons>
		  <Characters>
			<Character>
			  <CharacterType>VILLIAN</CharacterType>
			  <Timer></Timer>
			</Character>
			<Character>
			  <CharacterType>HERO</CharacterType>
			  <Timer></Timer>
			</Character>
		  </Characters>
		  <InformationBoxes>
			<InformationBox>
			  <Text>You answered incorrectly!</Text>
			  <TextType>ALT1</TextType>
			  <Timer></Timer>
			</InformationBox>
			<InformationBox>
			  <Text>Don't worry! You can try again.</Text>
			  <TextType>HERO</TextType>
			  <Timer></Timer>
			</InformationBox>
		  </InformationBoxes>
		  <ChallengeOptions />
		  <Timer></Timer>
		</AdditionalScreen>
	  </AdditionalScreens>
	  <ChallengeOptionType>BUTTON</ChallengeOptionType>
	</ChallengeOption>
          <ChallengeOption>
            <ChallengeOptionType>BUTTON</ChallengeOptionType>
            <ButtonLocationType>CHALLENGE_2</ButtonLocationType>
            <Reward>
              <Points>-2147483646</Points>
            </Reward>
            <Text>Yugoslavia was invading its neighboring countries.  </Text>
            <Timer></Timer>
            <TransitionType>BEGINNING_OF_CHALLENGE</TransitionType>
          </ChallengeOption>
          <ChallengeOption>
            <ChallengeOptionType>BUTTON</ChallengeOptionType>
            <ButtonLocationType>CHALLENGE_3</ButtonLocationType>
            <Reward>
              <Points>2</Points>
            </Reward>
            <Text>Nationalistic and imperialistic rivalries were increasing. </Text>
            <Timer></Timer>
            <TransitionType>END_OF_STORY</TransitionType>
          </ChallengeOption>
          <ChallengeOption>
            <ChallengeOptionType>BUTTON</ChallengeOptionType>
            <ButtonLocationType>CHALLENGE_4</ButtonLocationType>
            <Reward>
              <Points>-2147483646</Points>
            </Reward>
            <Text> The area was the leading supplier of military equipment to the rest of the world </Text>
            <Timer></Timer>
            <TransitionType>BEGINNING_OF_LESSON</TransitionType>
          </ChallengeOption>
  </ChallengeOptions>
        <Characters>
          <Character>
            <CharacterType>HERO</CharacterType>
            <MovementType></MovementType>
            <Timer></Timer>
          </Character>
        </Characters>
        <InformationBoxes>
          <InformationBox>
            <Text>You can do it!!</Text>
            <TextType>HERO</TextType>
            <Timer></Timer>
          </InformationBox>
          <InformationBox>
            <Text>Using Answer:</Text>
            <TextType>CHALLENGE_QUESTION</TextType>
            <Timer></Timer>
          </InformationBox>
          <InformationBox>
            <Text>Why was the Balkan region referred to as the “Powder Keg of Europe” prior to World War I ?</Text>
            <TextType>CHALLENGE_DESCRIPTION</TextType>
            <Timer></Timer>
          </InformationBox>
        </InformationBoxes>
        <Timer>60</Timer>
      </LessonChallenge>
<LessonChallenge>
        <Buttons>
        </Buttons>
  <ChallengeOptions>
	<ChallengeOption>
            <ChallengeOptionType>BUTTON</ChallengeOptionType>
	  <ButtonLocationType>CHALLENGE_1</ButtonLocationType>
            <Reward>
              <Points>-2147483646</Points>
            </Reward>
	  <Text> an era of peace and international good will in Germany  </Text>
	  <Timer></Timer>
	  <TransitionType>ADDITIONAL</TransitionType>
	  <AdditionalScreens>
		<AdditionalScreen xmlns:xsi="http://www.w3.org/2001/XMLSchema-instance" xsi:type="learningObjectiveFailure">
		  <Buttons>
			<Button>
			  <ButtonLocationType>NEXT</ButtonLocationType>
			  <Text>Retry</Text>
			  <Timer></Timer>
			  <TransitionType>CURRENT_CHALLENGE</TransitionType>
			</Button>
		  </Buttons>
		  <Characters>
			<Character>
			  <CharacterType>VILLIAN</CharacterType>
			  <Timer></Timer>
			</Character>
			<Character>
			  <CharacterType>HERO</CharacterType>
			  <Timer></Timer>
			</Character>
		  </Characters>
		  <InformationBoxes>
			<InformationBox>
			  <Text>You answered incorrectly!</Text>
			  <TextType>ALT1</TextType>
			  <Timer></Timer>
			</InformationBox>
			<InformationBox>
			  <Text>Don't worry! You can try again.</Text>
			  <TextType>HERO</TextType>
			  <Timer></Timer>
			</InformationBox>
		  </InformationBoxes>
		  <ChallengeOptions />
		  <Timer></Timer>
		</AdditionalScreen>
	  </AdditionalScreens>
	  <ChallengeOptionType>BUTTON</ChallengeOptionType>
	</ChallengeOption>
          <ChallengeOption>
            <ChallengeOptionType>BUTTON</ChallengeOptionType>
            <ButtonLocationType>CHALLENGE_2</ButtonLocationType>
            <Reward>
              <Points>-2147483646</Points>
            </Reward>
            <Text>a stable Germany that was both democratic and strong  </Text>
            <Timer></Timer>
            <TransitionType>BEGINNING_OF_CHALLENGE</TransitionType>
          </ChallengeOption>
          <ChallengeOption>
            <ChallengeOptionType>BUTTON</ChallengeOptionType>
            <ButtonLocationType>CHALLENGE_3</ButtonLocationType>
            <Reward>
              <Points>2</Points>
            </Reward>
            <Text>an increase in Germany’s desire to regain its power and prestige </Text>
            <Timer></Timer>
            <TransitionType>END_OF_STORY</TransitionType>
          </ChallengeOption>
          <ChallengeOption>
            <ChallengeOptionType>BUTTON</ChallengeOptionType>
            <ButtonLocationType>CHALLENGE_4</ButtonLocationType>
            <Reward>
              <Points>-2147483646</Points>
            </Reward>
            <Text>a leadership position for Germany in the League of Nations </Text>
            <Timer></Timer>
            <TransitionType>BEGINNING_OF_LESSON</TransitionType>
          </ChallengeOption>
  </ChallengeOptions>
        <Characters>
          <Character>
            <CharacterType>HERO</CharacterType>
            <MovementType></MovementType>
            <Timer></Timer>
          </Character>
        </Characters>
        <InformationBoxes>
          <InformationBox>
            <Text>You can do it!!</Text>
            <TextType>HERO</TextType>
            <Timer></Timer>
          </InformationBox>
          <InformationBox>
            <Text>Using Answer:</Text>
            <TextType>CHALLENGE_QUESTION</TextType>
            <Timer></Timer>
          </InformationBox>
          <InformationBox>
            <Text>The major impact of the Treaty of Versailles on Germany was that the treaty led to ?</Text>
            <TextType>CHALLENGE_DESCRIPTION</TextType>
            <Timer></Timer>
          </InformationBox>
        </InformationBoxes>
        <Timer>60</Timer>
      </LessonChallenge>
<LessonChallenge>
        <Buttons>
        </Buttons>
  <ChallengeOptions>
	<ChallengeOption>
            <ChallengeOptionType>BUTTON</ChallengeOptionType>
	  <ButtonLocationType>CHALLENGE_1</ButtonLocationType>
            <Reward>
              <Points>-2147483646</Points>
            </Reward>
	  <Text> an official foreign policy of isolationism  </Text>
	  <Timer></Timer>
	  <TransitionType>ADDITIONAL</TransitionType>
	  <AdditionalScreens>
		<AdditionalScreen xmlns:xsi="http://www.w3.org/2001/XMLSchema-instance" xsi:type="learningObjectiveFailure">
		  <Buttons>
			<Button>
			  <ButtonLocationType>NEXT</ButtonLocationType>
			  <Text>Retry</Text>
			  <Timer></Timer>
			  <TransitionType>CURRENT_CHALLENGE</TransitionType>
			</Button>
		  </Buttons>
		  <Characters>
			<Character>
			  <CharacterType>VILLIAN</CharacterType>
			  <Timer></Timer>
			</Character>
			<Character>
			  <CharacterType>HERO</CharacterType>
			  <Timer></Timer>
			</Character>
		  </Characters>
		  <InformationBoxes>
			<InformationBox>
			  <Text>You answered incorrectly!</Text>
			  <TextType>ALT1</TextType>
			  <Timer></Timer>
			</InformationBox>
			<InformationBox>
			  <Text>Don't worry! You can try again.</Text>
			  <TextType>HERO</TextType>
			  <Timer></Timer>
			</InformationBox>
		  </InformationBoxes>
		  <ChallengeOptions />
		  <Timer></Timer>
		</AdditionalScreen>
	  </AdditionalScreens>
	  <ChallengeOptionType>BUTTON</ChallengeOptionType>
	</ChallengeOption>
          <ChallengeOption>
            <ChallengeOptionType>BUTTON</ChallengeOptionType>
            <ButtonLocationType>CHALLENGE_2</ButtonLocationType>
            <Reward>
              <Points>-2147483646</Points>
            </Reward>
            <Text>governmental control of the media </Text>
            <Timer></Timer>
            <TransitionType>BEGINNING_OF_CHALLENGE</TransitionType>
          </ChallengeOption>
          <ChallengeOption>
            <ChallengeOptionType>BUTTON</ChallengeOptionType>
            <ButtonLocationType>CHALLENGE_3</ButtonLocationType>
            <Reward>
              <Points>2</Points>
            </Reward>
            <Text>public ownership of business and industry    </Text>
            <Timer></Timer>
            <TransitionType>END_OF_STORY</TransitionType>
          </ChallengeOption>
          <ChallengeOption>
            <ChallengeOptionType>BUTTON</ChallengeOptionType>
            <ButtonLocationType>CHALLENGE_4</ButtonLocationType>
            <Reward>
              <Points>-2147483646</Points>
            </Reward>
            <Text>the absence of a written constitution </Text>
            <Timer></Timer>
            <TransitionType>BEGINNING_OF_LESSON</TransitionType>
          </ChallengeOption>
  </ChallengeOptions>
        <Characters>
          <Character>
            <CharacterType>HERO</CharacterType>
            <MovementType></MovementType>
            <Timer></Timer>
          </Character>
        </Characters>
        <InformationBoxes>
          <InformationBox>
            <Text>You can do it!!</Text>
            <TextType>HERO</TextType>
            <Timer></Timer>
          </InformationBox>
          <InformationBox>
            <Text>Using Answer:</Text>
            <TextType>CHALLENGE_QUESTION</TextType>
            <Timer></Timer>
          </InformationBox>
          <InformationBox>
            <Text>Which was a characteristic of Germany under Adolf Hitler and the Soviet Union under Josef Stalin?</Text>
            <TextType>CHALLENGE_DESCRIPTION</TextType>
            <Timer></Timer>
          </InformationBox>
        </InformationBoxes>
        <Timer>60</Timer>
      </LessonChallenge>
<LessonChallenge>
        <Buttons>
        </Buttons>
  <ChallengeOptions>
	<ChallengeOption>
            <ChallengeOptionType>BUTTON</ChallengeOptionType>
	  <ButtonLocationType>CHALLENGE_1</ButtonLocationType>
            <Reward>
              <Points>-2147483646</Points>
            </Reward>
	  <Text> the League of nations demonstrated that an international organization could maintain world peace  </Text>
	  <Timer></Timer>
	  <TransitionType>ADDITIONAL</TransitionType>
	  <AdditionalScreens>
		<AdditionalScreen xmlns:xsi="http://www.w3.org/2001/XMLSchema-instance" xsi:type="learningObjectiveFailure">
		  <Buttons>
			<Button>
			  <ButtonLocationType>NEXT</ButtonLocationType>
			  <Text>Retry</Text>
			  <Timer></Timer>
			  <TransitionType>CURRENT_CHALLENGE</TransitionType>
			</Button>
		  </Buttons>
		  <Characters>
			<Character>
			  <CharacterType>VILLIAN</CharacterType>
			  <Timer></Timer>
			</Character>
			<Character>
			  <CharacterType>HERO</CharacterType>
			  <Timer></Timer>
			</Character>
		  </Characters>
		  <InformationBoxes>
			<InformationBox>
			  <Text>You answered incorrectly!</Text>
			  <TextType>ALT1</TextType>
			  <Timer></Timer>
			</InformationBox>
			<InformationBox>
			  <Text>Don't worry! You can try again.</Text>
			  <TextType>HERO</TextType>
			  <Timer></Timer>
			</InformationBox>
		  </InformationBoxes>
		  <ChallengeOptions />
		  <Timer></Timer>
		</AdditionalScreen>
	  </AdditionalScreens>
	  <ChallengeOptionType>BUTTON</ChallengeOptionType>
	</ChallengeOption>
          <ChallengeOption>
            <ChallengeOptionType>BUTTON</ChallengeOptionType>
            <ButtonLocationType>CHALLENGE_2</ButtonLocationType>
            <Reward>
              <Points>-2147483646</Points>
            </Reward>
            <Text>European domination of the world began to weaken as nationalism in colonies increased  </Text>
            <Timer></Timer>
            <TransitionType>BEGINNING_OF_CHALLENGE</TransitionType>
          </ChallengeOption>
          <ChallengeOption>
            <ChallengeOptionType>BUTTON</ChallengeOptionType>
            <ButtonLocationType>CHALLENGE_3</ButtonLocationType>
            <Reward>
              <Points>2</Points>
            </Reward>
            <Text>religious and ethnic differences were no longer a source of conflict between nations   </Text>
            <Timer></Timer>
            <TransitionType>END_OF_STORY</TransitionType>
          </ChallengeOption>
          <ChallengeOption>
            <ChallengeOptionType>BUTTON</ChallengeOptionType>
            <ButtonLocationType>CHALLENGE_4</ButtonLocationType>
            <Reward>
              <Points>-2147483646</Points>
            </Reward>
            <Text>the war brought an end to dictatorships as a form of government </Text>
            <Timer></Timer>
            <TransitionType>BEGINNING_OF_LESSON</TransitionType>
          </ChallengeOption>
  </ChallengeOptions>
        <Characters>
          <Character>
            <CharacterType>HERO</CharacterType>
            <MovementType></MovementType>
            <Timer></Timer>
          </Character>
        </Characters>
        <InformationBoxes>
          <InformationBox>
            <Text>You can do it!!</Text>
            <TextType>HERO</TextType>
            <Timer></Timer>
          </InformationBox>
          <InformationBox>
            <Text>Using Answer:</Text>
            <TextType>CHALLENGE_QUESTION</TextType>
            <Timer></Timer>
          </InformationBox>
          <InformationBox>
            <Text>World War II is often considered to be a turning point in history because ?</Text>
            <TextType>CHALLENGE_DESCRIPTION</TextType>
            <Timer></Timer>
          </InformationBox>
        </InformationBoxes>
        <Timer>60</Timer>
      </LessonChallenge>
<LessonChallenge>
        <Buttons>
        </Buttons>
  <ChallengeOptions>
	<ChallengeOption>
            <ChallengeOptionType>BUTTON</ChallengeOptionType>
	  <ButtonLocationType>CHALLENGE_1</ButtonLocationType>
            <Reward>
              <Points>-2147483646</Points>
            </Reward>
	  <Text> Japan’s industrial capability was greatly reduced  </Text>
	  <Timer></Timer>
	  <TransitionType>ADDITIONAL</TransitionType>
	  <AdditionalScreens>
		<AdditionalScreen xmlns:xsi="http://www.w3.org/2001/XMLSchema-instance" xsi:type="learningObjectiveFailure">
		  <Buttons>
			<Button>
			  <ButtonLocationType>NEXT</ButtonLocationType>
			  <Text>Retry</Text>
			  <Timer></Timer>
			  <TransitionType>CURRENT_CHALLENGE</TransitionType>
			</Button>
		  </Buttons>
		  <Characters>
			<Character>
			  <CharacterType>VILLIAN</CharacterType>
			  <Timer></Timer>
			</Character>
			<Character>
			  <CharacterType>HERO</CharacterType>
			  <Timer></Timer>
			</Character>
		  </Characters>
		  <InformationBoxes>
			<InformationBox>
			  <Text>You answered incorrectly!</Text>
			  <TextType>ALT1</TextType>
			  <Timer></Timer>
			</InformationBox>
			<InformationBox>
			  <Text>Don't worry! You can try again.</Text>
			  <TextType>HERO</TextType>
			  <Timer></Timer>
			</InformationBox>
		  </InformationBoxes>
		  <ChallengeOptions />
		  <Timer></Timer>
		</AdditionalScreen>
	  </AdditionalScreens>
	  <ChallengeOptionType>BUTTON</ChallengeOptionType>
	</ChallengeOption>
          <ChallengeOption>
            <ChallengeOptionType>BUTTON</ChallengeOptionType>
            <ButtonLocationType>CHALLENGE_2</ButtonLocationType>
            <Reward>
              <Points>-2147483646</Points>
            </Reward>
            <Text>the Emperor’s position was abolished  </Text>
            <Timer></Timer>
            <TransitionType>BEGINNING_OF_CHALLENGE</TransitionType>
          </ChallengeOption>
          <ChallengeOption>
            <ChallengeOptionType>BUTTON</ChallengeOptionType>
            <ButtonLocationType>CHALLENGE_3</ButtonLocationType>
            <Reward>
              <Points>2</Points>
            </Reward>
            <Text>Japan became a representative democracy  </Text>
            <Timer></Timer>
            <TransitionType>END_OF_STORY</TransitionType>
          </ChallengeOption>
          <ChallengeOption>
            <ChallengeOptionType>BUTTON</ChallengeOptionType>
            <ButtonLocationType>CHALLENGE_4</ButtonLocationType>
            <Reward>
              <Points>-2147483646</Points>
            </Reward>
            <Text>labor unions were declared illegal </Text>
            <Timer></Timer>
            <TransitionType>BEGINNING_OF_LESSON</TransitionType>
          </ChallengeOption>
  </ChallengeOptions>
        <Characters>
          <Character>
            <CharacterType>HERO</CharacterType>
            <MovementType></MovementType>
            <Timer></Timer>
          </Character>
        </Characters>
        <InformationBoxes>
          <InformationBox>
            <Text>You can do it!!</Text>
            <TextType>HERO</TextType>
            <Timer></Timer>
          </InformationBox>
          <InformationBox>
            <Text>Using Answer:</Text>
            <TextType>CHALLENGE_QUESTION</TextType>
            <Timer></Timer>
          </InformationBox>
          <InformationBox>
            <Text>Which reform took place in Japan after World War II ?</Text>
            <TextType>CHALLENGE_DESCRIPTION</TextType>
            <Timer></Timer>
          </InformationBox>
        </InformationBoxes>
        <Timer>60</Timer>
      </LessonChallenge>
    </LessonChallenges>
</Challenge>