<Lesson>
    <LessonScreens>
      <LessonScreen>
        <Buttons>
          <Button>
            <ButtonLocationType>NEXT</ButtonLocationType>
            <Text>Continue</Text>
            <Timer></Timer>
            <TransitionType>NEXT_SCREEN</TransitionType>
          </Button>
        </Buttons>
        <Characters>
          <Character>
            <CharacterType>Hero</CharacterType>
            <Timer></Timer>
          </Character>
        </Characters>
        <InformationBoxes>
          <InformationBox>
            <Text>Hey Gooble users welcome to the class</Text>
            <TextType>ALT1</TextType>
            <Timer></Timer>
          </InformationBox>
        </InformationBoxes>
      </LessonScreen>
<LessonScreen>
        <Buttons>
          <Button>
            <ButtonLocationType>NEXT</ButtonLocationType>
            <Text>Continue</Text>
            <Timer></Timer>
            <TransitionType>NEXT_SCREEN</TransitionType>
          </Button>
        </Buttons>
        <Characters>
          <Character>
            <CharacterType>Hero</CharacterType>
            <Timer></Timer>
          </Character>
        </Characters>
        <InformationBoxes>
          <InformationBox>
            <Text>The course World War and Society in the Twentieth Century: World War II is a thematic exploration of the war and its time through feature films, primary sources, and scholarly interpretations.
		</Text>
            <TextType>ALT1</TextType>
            <Timer></Timer>
          </InformationBox>
        </InformationBoxes>
      </LessonScreen>
<LessonScreen>
        <Buttons>
          <Button>
            <ButtonLocationType>NEXT</ButtonLocationType>
            <Text>Continue</Text>
            <Timer></Timer>
            <TransitionType>NEXT_SCREEN</TransitionType>
          </Button>
        </Buttons>
        <Characters>
          <Character>
            <CharacterType>Hero</CharacterType>
            <Timer></Timer>
          </Character>
        </Characters>
        <InformationBoxes>
          <InformationBox>
            <Text>It seeks to provide a means for analyzing and evaluating what one reads or sees about World War II in terms of historical accuracy and for gaining a broader understanding of different perspectives. 
		</Text>
            <TextType>ALT1</TextType>
            <Timer></Timer>
          </InformationBox>
        </InformationBoxes>
      </LessonScreen>
<LessonScreen>
        <Buttons>
          <Button>
            <ButtonLocationType>NEXT</ButtonLocationType>
            <Text>Continue</Text>
            <Timer></Timer>
            <TransitionType>NEXT_SCREEN</TransitionType>
          </Button>
        </Buttons>
        <Characters>
          <Character>
            <CharacterType>Hero</CharacterType>
            <Timer></Timer>
          </Character>
        </Characters>
        <InformationBoxes>
          <InformationBox>
            <Text>Themes include the impact of war on soldiers and civilians, on the home front, women in war, the Japanese and German viewpoints, and postwar issues. Films include Mrs. Miniver, The Pianist, The Winter War, So Proudly We Hail, Taking Sides, The Hiding Place, and The Cranes Are Flying
		</Text>
            <TextType>ALT1</TextType>
            <Timer></Timer>
          </InformationBox>
        </InformationBoxes>
      </LessonScreen>
    </LessonScreens>
</Lesson>