<?xml version="1.0" encoding="UTF-8" standalone="yes"?>
<gameGeneratorInfo>
	<acts>
		<actTitle>Act 2</actTitle>
		<noOfScenes>0</noOfScenes>
	</acts>
	<acts>
		<actTitle>Act 3</actTitle>
		<noOfScenes>3</noOfScenes>
		<Scene>
			<noOfScreens>0</noOfScreens>
			<sceneName>Scene 1</sceneName>
		</Scene>
		<Scene>
			<noOfScreens>0</noOfScreens>
			<sceneName>Scene 2</sceneName>
		</Scene>
		<Scene>
			<Backdrop>BlueSky</Backdrop>
			<noOfScreens>3</noOfScreens>
			<sceneName>Scene 3</sceneName>
			<screen>
				<screenName>Screen 1</screenName>
			</screen>
			<screen>
				<screenName>Screen 2</screenName>
			</screen>
			<screen>
				<screenName>Screen 3</screenName>
			</screen>
		</Scene>
	</acts>
	<userProfileConfiguration>
		<age>false</age>
		<country>false</country>
		<fullName>false</fullName>
		<languagePreference>false</languagePreference>
		<name>true</name>
		<nickName>true</nickName>
		<profilePicture>false</profilePicture>
	</userProfileConfiguration>
</gameGeneratorInfo>
