<?xml version="1.0" encoding="UTF-8"?>
<beans xmlns="http://www.springframework.org/schema/beans"
	xmlns:xsi="http://www.w3.org/2001/XMLSchema-instance" xmlns:context="http://www.springframework.org/schema/context"
	xmlns:jdbc="http://www.springframework.org/schema/jdbc" xmlns:tx="http://www.springframework.org/schema/tx"
	xsi:schemaLocation="http://www.springframework.org/schema/beans
                    http://www.springframework.org/schema/beans/spring-beans.xsd
                    http://www.springframework.org/schema/context
                    http://www.springframework.org/schema/context/spring-context.xsd
                    http://www.springframework.org/schema/jdbc
                    http://www.springframework.org/schema/jdbc/spring-jdbc.xsd
                    http://www.springframework.org/schema/tx
                    http://www.springframework.org/schema/tx/spring-tx.xsd">

	<bean id="manageUserProfile"
		class="edu.utdallas.gamegenerator.controller.ManageUserProfileController">
		<property name="manageGameGeneratorService" ref="manageGameGeneratorService" />
	</bean>
	<bean id="manageGameGeneratorService"
		class="edu.utdallas.gamegenerator.service.ManageGameGeneratorServiceImpl" />

	<bean id="manageGameElementConfigProfile"
		class="edu.utdallas.gamegenerator.controller.ManageGameElementConfigController">
		<property name="manageGameGeneratorService" ref="manageGameGeneratorService" />
	</bean>

	<bean id="manageGameConfigController"
		class="edu.utdallas.gamegenerator.controller.ManageGameConfigController">
		<property name="manageGameGeneratorService" ref="manageGameGeneratorService" />
	</bean>

	<bean id="viewResolver"
		class="org.springframework.web.servlet.view.InternalResourceViewResolver">
		<property name="prefix">
			<value>/WEB-INF/jsp/</value>
		</property>
		<property name="suffix">
			<value>.jsp</value>
		</property>
	</bean>

</beans>
